Workbook

Sheet AHL
A1: =COUNTIF(A4:A36,"<>") -> 15 | B1: =COUNTIF(B4:B37,"<>") -> 15 | C1: =COUNTIF(C4:C37,"<>") -> 15 | D1: =COUNTIF(D4:D37,"<>") -> 15 | E1: =COUNTIF(E4:E36,"<>") -> 15 | F1: =COUNTIF(F4:F35,"<>") -> 15 | G1: =COUNTIF(G4:G37,"<>") -> 14 | H1: =COUNTIF(H4:H36,"<>") -> 13 | I1: =COUNTIF(I4:I37,"<>") -> 13 | J1: =COUNTIF(J4:J34,"<>") -> 13 | K1: =COUNTIF(K4:K34,"<>") -> 13 | L1: =COUNTIF(L4:L36,"<>") -> 13 | M1: =COUNTIF(M4:M35,"<>") -> 13 | N1: =COUNTIF(N4:N37,"<>") -> 13 | O1: =COUNTIF(O4:O37,"<>") -> 13 | P1: =COUNTIF(P4:P36,"<>") -> 13 | Q1: =COUNTIF(Q4:Q37,"<>") -> 12 | R1: =COUNTIF(R4:R37,"<>") -> 12 | S1: =COUNTIF(S4:S34,"<>") -> 12 | T1: =COUNTIF(T4:T37,"<>") -> 12 | U1: =COUNTIF(U4:U37,"<>") -> 12 | V1: =COUNTIF(V4:V37,"<>") -> 12 | W1: =COUNTIF(W4:W34,"<>") -> 11 | X1: =COUNTIF(X4:X36,"<>") -> 11 | Y1: =COUNTIF(Y4:Y36,"<>") -> 11 | Z1: =COUNTIF(Z4:Z35,"<>") -> 11 | AA1: =COUNTIF(AA4:AA37,"<>") -> 11 | AB1: =COUNTIF(AB4:AB37,"<>") -> 11 | AC1: =COUNTIF(AC4:AC34,"<>") -> 11 | AD1: =COUNTIF(AD4:AD36,"<>") -> 11 | AE1: =COUNTIF(AE4:AE37,"<>") -> 11 | AF1: =COUNTIF(AF4:AF37,"<>") -> 10 | AG1: =COUNTIF(AG4:AG36,"<>") -> 10 | AH1: =COUNTIF(AH4:AH37,"<>") -> 10 | AI1: =COUNTIF(AI4:AI36,"<>") -> 10 | AJ1: =COUNTIF(AJ4:AJ32,"<>") -> 10 | AK1: =COUNTIF(AK4:AK36,"<>") -> 9 | AL1: =COUNTIF(AL4:AL35,"<>") -> 9 | AM1: =COUNTIF(AM4:AM34,"<>") -> 9 | AN1: =COUNTIF(AN4:AN34,"<>") -> 9 | AO1: =COUNTIF(AO4:AO36,"<>") -> 8 | AP1: =COUNTIF(AP4:AP34,"<>") -> 8 | AQ1: =COUNTIF(AQ4:AQ35,"<>") -> 8 | AR1: =COUNTIF(AR4:AR37,"<>") -> 8 | AS1: =COUNTIF(AS4:AS37,"<>") -> 7 | AT1: =COUNTIF(AT4:AT37,"<>") -> 7 | AU1: =COUNTIF(AU4:AU35,"<>") -> 6 | AV1: =COUNTIF(AV4:AV37,"<>") -> 6 | AW1: =COUNTIF(AW4:AW35,"<>") -> 5 | AX1: =COUNTIF(AX4:AX36,"<>") -> 4 | AY1: =COUNTIF(AY4:AY37,"<>") -> 3 | AZ1: =COUNTIF(AZ4:AZ36,"<>") -> 3 | BA1: =COUNTIF(BA4:BA37,"<>") -> 2 | BB1: =COUNTIF(BB4:BB37,"<>") -> 2 | BC1: =COUNTIF(BC4:BC36,"<>") -> 2 | BD1: =COUNTIF(BD4:BD37,"<>") -> 2 | BE1: =COUNTIF(BE4:BE37,"<>") -> 1
A2: au | B2: au | C2: au | D2: au | E2: au | F2: au | G2: it | H2: it | I2: it | J2: it | K2: it | L2: it | M2: au | N2: au | O2: au | P2: au | Q2: sl | R2: it | S2: it | T2: it | U2: it | V2: it | W2: sl | X2: sl | Y2: sl | Z2: it | AA2: it | AB2: it | AC2: it | AD2: au | AE2: au | AF2: sl | AG2: sl | AH2: sl | AI2: it | AJ2: au | AK2: sl | AL2: it | AM2: it | AN2: au | AO2: sl | AP2: au | AQ2: au | AR2: au | AS2: it | AT2: au | AU2: sl | AV2: au | AW2: au | AX2: au | AY2: sl | AZ2: au | BA2: sl | BB2: it | BC2: au | BD2: au | BE2: it
A3: WinklerDa | B3: Huber rRe | C3: StrimitzerDa | D3: UnterwegerDo | E3: WuchererGe | F3: OrelSt | G3: LazzeriAl | H3: MoschenAn | I3: AbeltinoSi | J3: BrondiPa | K3: GrisentiLu | L3: RivisAn | M3: DivisDo | N3: BrockAd | O3: RinkerDa | P3: SpiegelSe | Q3: BulovecMi | R3: PinieOm | S3: VirtaTu | T3: FecchioFe | U3: BenvegnuAn | V3: PirasAn | W3: SnojTa | X3: BergantAn | Y3: ArlicMa | Z3: BrondiMa | AA3: RivisFe | AB3: IlmerNo | AC3: CristeliMa | AD3: PreiserJu | AE3: VeselkaMa | AF3: MiklicGr | AG3: MetzingerFi | AH3: MarkizetiGr | AI3: GiacomozziFe | AJ3: LegatKo | AK3: LebenJa | AL3: StefenelliFe | AM3: CusinFe | AN3: WendnerMa | AO3: MurnikPe | AP3: HolzerTo | AQ3: HlavatyAl | AR3: VoicanCh | AS3: FleischmannLu | AT3: Steiner fFe | AU3: JeramFi | AV3: RuetzMa | AW3: ZacherlPa | AX3: MoidlMa | AY3: BergeljNi | AZ3: SeewaldJe | BA3: BajtMi | BB3: SoraperraSi | BC3: WidmannFl | BD3: Dummermuth-haasEl | BE3: CalloviniAn
A4: 2025-09-20 | B4: 2025-09-20 | C4: 2025-09-20 | D4: 2025-09-26 | E4: 2025-09-26 | F4: 2025-09-25 | G4: 2025-09-20 | H4: 2025-09-20 | I4: 2025-09-20 | J4: 2025-09-20 | K4: 2025-09-20 | L4: 2025-09-21 | M4: 2025-09-20 | N4: 2025-09-20 | O4: 2025-09-27 | P4: 2025-09-27 | Q4: 2025-09-26 | R4: 2025-09-20 | S4: 2025-09-20 | T4: 2025-09-20 | U4: 2025-09-21 | V4: 2025-09-20 | W4: 2025-09-27 | X4: 2025-09-27 | Y4: 2025-10-02 | Z4: 2025-09-21 | AA4: 2025-09-21 | AB4: 2025-09-20 | AC4: 2025-10-02 | AD4: 2025-09-20 | AE4: 2025-09-27 | AF4: 2025-09-26 | AG4: 2025-10-02 | AH4: 2025-09-27 | AI4: 2025-10-11 | AJ4: 2025-10-11 | AK4: 2025-09-27 | AL4: 2025-09-20 | AM4: 2025-09-20 | AN4: 2025-09-20 | AO4: 2025-10-02 | AP4: 2025-09-25 | AQ4: 2025-10-04 | AR4: 2025-10-04 | AS4: 2025-10-11 | AT4: 2025-09-25 | AU4: 2025-09-27 | AV4: 2025-09-20 | AW4: 2025-10-04 | AX4: 2025-10-23 | AY4: 2025-10-16 | AZ4: 2025-10-14 | BA4: 2025-10-14 | BB4: 2025-10-18 | BC4: 2025-10-25 | BD4: 2025-10-28 | BE4: 2025-12-04
A5: 2025-09-27 | B5: 2025-09-25 | C5: 2025-09-27 | D5: 2025-10-04 | E5: 2025-09-25 | F5: 2025-10-04 | G5: 2025-09-25 | H5: 2025-09-27 | I5: 2025-09-27 | J5: 2025-09-25 | K5: 2025-09-25 | L5: 2025-09-27 | M5: 2025-10-01 | N5: 2025-09-27 | O5: 2025-09-25 | P5: 2025-09-25 | Q5: 2025-10-02 | R5: 2025-09-27 | S5: 2025-09-27 | T5: 2025-09-25 | U5: 2025-09-25 | V5: 2025-09-27 | W5: 2025-09-25 | X5: 2025-09-25 | Y5: 2025-10-04 | Z5: 2025-10-02 | AA5: 2025-09-27 | AB5: 2025-09-27 | AC5: 2025-10-04 | AD5: 2025-09-27 | AE5: 2025-09-25 | AF5: 2025-09-27 | AG5: 2025-10-04 | AH5: 2025-09-25 | AI5: 2025-10-16 | AJ5: 2025-10-18 | AK5: 2025-09-25 | AL5: 2025-09-25 | AM5: 2025-10-02 | AN5: 2025-10-09 | AO5: 2025-10-04 | AP5: 2025-10-01 | AQ5: 2025-10-09 | AR5: 2025-10-09 | AS5: 2025-10-07 | AT5: 2025-10-14 | AU5: 2025-09-25 | AV5: 2025-09-27 | AW5: 2025-10-18 | AX5: 2025-11-12 | AY5: 2025-11-20 | AZ5: 2025-11-18 | BA5: 2025-11-20 | BB5: 2025-11-20 | BC5: 2025-11-25 | BD5: 2025-11-22
A6: 2025-10-01 | B6: 2025-10-02 | C6: 2025-10-11 | D6: 2025-10-11 | E6: 2025-10-04 | F6: 2025-10-11 | G6: 2025-10-04 | H6: 2025-10-04 | I6: 2025-10-02 | J6: 2025-10-02 | K6: 2025-10-04 | L6: 2025-10-02 | M6: 2025-10-09 | N6: 2025-10-10 | O6: 2025-10-01 | P6: 2025-10-04 | Q6: 2025-10-04 | R6: 2025-10-02 | S6: 2025-10-04 | T6: 2025-10-02 | U6: 2025-10-04 | V6: 2025-10-02 | W6: 2025-10-02 | X6: 2025-10-02 | Y6: 2025-10-18 | Z6: 2025-09-27 | AA6: 2025-10-04 | AB6: 2025-10-04 | AC6: 2025-11-01 | AD6: 2025-10-17 | AE6: 2025-10-10 | AF6: 2025-09-25 | AG6: 2025-10-11 | AH6: 2025-10-09 | AI6: 2025-10-18 | AJ6: 2025-10-30 | AK6: 2025-10-02 | AL6: 2025-10-02 | AM6: 2025-10-09 | AN6: 2025-10-18 | AO6: 2025-10-18 | AP6: 2025-10-09 | AQ6: 2025-10-18 | AR6: 2025-10-17 | AS6: 2025-10-31 | AT6: 2025-11-01 | AU6: 2025-10-04 | AV6: 2025-11-01 | AW6: 2025-11-18 | AX6: 2025-11-27 | AY6: 2025-11-27 | AZ6: 2025-11-25
A7: 2025-10-02 | B7: 2025-10-11 | C7: 2025-10-09 | D7: 2025-10-16 | E7: 2025-10-11 | F7: 2025-10-16 | G7: 2025-10-11 | H7: 2025-10-10 | I7: 2025-10-11 | J7: 2025-10-04 | K7: 2025-10-07 | L7: 2025-10-04 | M7: 2025-10-14 | N7: 2025-10-14 | O7: 2025-10-11 | P7: 2025-10-09 | Q7: 2025-10-11 | R7: 2025-10-07 | S7: 2025-10-10 | T7: 2025-10-04 | U7: 2025-10-09 | V7: 2025-10-14 | W7: 2025-10-10 | X7: 2025-10-11 | Y7: 2025-10-23 | Z7: 2025-10-11 | AA7: 2025-10-11 | AB7: 2025-10-11 | AC7: 2025-10-28 | AD7: 2025-10-25 | AE7: 2025-10-18 | AF7: 2025-10-02 | AG7: 2025-10-23 | AH7: 2025-10-14 | AI7: 2025-10-25 | AJ7: 2025-10-09 | AK7: 2025-10-11 | AL7: 2025-10-11 | AM7: 2025-10-23 | AN7: 2025-10-25 | AO7: 2025-10-30 | AP7: 2025-10-25 | AQ7: 2025-10-30 | AR7: 2025-11-01 | AS7: 2025-11-08 | AT7: 2025-10-23 | AU7: 2025-10-10 | AV7: 2025-11-15 | AW7: 2025-11-29 | AX7: 2025-12-06
A8: 2025-10-11 | B8: 2025-10-09 | C8: 2025-10-18 | D8: 2025-10-18 | E8: 2025-10-14 | F8: 2025-10-18 | G8: 2025-10-07 | H8: 2025-10-14 | I8: 2025-10-18 | J8: 2025-09-27 | K8: 2025-10-16 | L8: 2025-10-11 | M8: 2025-10-16 | N8: 2025-10-18 | O8: 2025-10-09 | P8: 2025-10-16 | Q8: 2025-10-09 | R8: 2025-10-14 | S8: 2025-10-23 | T8: 2025-10-10 | U8: 2025-10-14 | V8: 2025-10-18 | W8: 2025-10-25 | X8: 2025-10-18 | Y8: 2025-10-30 | Z8: 2025-10-23 | AA8: 2025-10-16 | AB8: 2025-10-07 | AC8: 2025-10-11 | AD8: 2025-10-26 | AE8: 2025-10-25 | AF8: 2025-10-14 | AG8: 2025-10-30 | AH8: 2025-10-31 | AI8: 2025-10-30 | AJ8: 2025-10-16 | AK8: 2025-10-18 | AL8: 2025-10-07 | AM8: 2025-10-18 | AN8: 2025-10-16 | AO8: 2025-11-01 | AP8: 2025-11-12 | AQ8: 2025-11-01 | AR8: 2025-11-15 | AS8: 2025-11-13 | AT8: 2025-10-16 | AU8: 2025-10-23 | AV8: 2025-11-22 | AW8: 2025-12-06
A9: 2025-10-09 | B9: 2025-10-18 | C9: 2025-10-23 | D9: 2025-10-25 | E9: 2025-10-18 | F9: 2025-10-07 | G9: 2025-10-16 | H9: 2025-10-18 | I9: 2025-11-01 | J9: 2025-10-16 | K9: 2025-10-18 | L9: 2025-10-25 | M9: 2025-10-25 | N9: 2025-10-25 | O9: 2025-10-17 | P9: 2025-11-01 | Q9: 2025-10-16 | R9: 2025-11-01 | S9: 2025-10-30 | T9: 2025-10-14 | U9: 2025-10-18 | V9: 2025-11-01 | W9: 2025-10-26 | X9: 2025-10-25 | Y9: 2025-10-11 | Z9: 2025-10-30 | AA9: 2025-10-25 | AB9: 2025-10-18 | AC9: 2025-10-10 | AD9: 2025-11-01 | AE9: 2025-10-26 | AF9: 2025-10-25 | AG9: 2025-11-01 | AH9: 2025-10-23 | AI9: 2025-11-08 | AJ9: 2025-11-09 | AK9: 2025-10-31 | AL9: 2025-11-01 | AM9: 2025-11-01 | AN9: 2025-11-14 | AO9: 2025-11-13 | AP9: 2025-11-22 | AQ9: 2025-11-14 | AR9: 2025-11-20 | AS9: 2025-11-20 | AT9: 2025-11-22 | AU9: 2025-11-27 | AV9: 2025-11-29
A10: 2025-10-17 | B10: 2025-10-23 | C10: 2025-10-28 | D10: 2025-11-01 | E10: 2025-11-01 | F10: 2025-10-29 | G10: 2025-10-25 | H10: 2025-10-25 | I10: 2025-10-23 | J10: 2025-10-25 | K10: 2025-10-25 | L10: 2025-11-01 | M10: 2025-11-01 | N10: 2025-10-26 | O10: 2025-10-25 | P10: 2025-10-23 | Q10: 2025-10-23 | R10: 2025-10-23 | S10: 2025-11-01 | T10: 2025-10-25 | U10: 2025-10-25 | V10: 2025-10-23 | W10: 2025-10-16 | X10: 2025-10-16 | Y10: 2025-11-07 | Z10: 2025-11-01 | AA10: 2025-11-01 | AB10: 2025-10-25 | AC10: 2025-11-15 | AD10: 2025-10-04 | AE10: 2025-11-05 | AF10: 2025-10-30 | AG10: 2025-11-13 | AH10: 2025-11-07 | AI10: 2025-11-15 | AJ10: 2025-11-20 | AK10: 2025-10-16 | AL10: 2025-11-27 | AM10: 2025-11-15 | AN10: 2025-11-25 | AO10: 2025-11-20 | AP10: 2025-11-29 | AQ10: 2025-11-22 | AR10: 2025-11-25 | AS10: 2025-12-04 | AT10: 2025-11-29
A11: 2025-10-25 | B11: 2025-10-28 | C11: 2025-10-16 | D11: 2025-10-30 | E11: 2025-10-29 | F11: 2025-10-14 | G11: 2025-10-23 | H11: 2025-10-29 | I11: 2025-10-28 | J11: 2025-10-07 | K11: 2025-11-01 | L11: 2025-10-30 | M11: 2025-10-11 | N11: 2025-11-01 | O11: 2025-11-01 | P11: 2025-10-28 | Q11: 2025-10-30 | R11: 2025-10-28 | S11: 2025-11-09 | T11: 2025-10-30 | U11: 2025-10-30 | V11: 2025-10-28 | W11: 2025-11-13 | X11: 2025-11-07 | Y11: 2025-11-08 | Z11: 2025-11-08 | AA11: 2025-10-23 | AB11: 2025-10-30 | AC11: 2025-11-20 | AD11: 2025-11-15 | AE11: 2025-11-12 | AF11: 2025-11-13 | AG11: 2025-11-20 | AH11: 2025-11-08 | AI11: 2025-11-22 | AJ11: 2025-11-13 | AK11: 2025-11-27 | AL11: 2025-11-15 | AM11: 2025-11-22 | AN11: 2025-11-29 | AO11: 2025-12-06 | AP11: 2025-12-03 | AQ11: 2025-11-29 | AR11: 2025-12-06
A12: 2025-10-31 | B12: 2025-10-14 | C12: 2025-10-25 | D12: 2025-11-08 | E12: 2025-10-16 | F12: 2025-11-09 | G12: 2025-10-30 | H12: 2025-11-11 | I12: 2025-10-09 | J12: 2025-10-29 | K12: 2025-10-14 | L12: 2025-10-16 | M12: 2025-11-22 | N12: 2025-11-05 | O12: 2025-11-15 | P12: 2025-11-08 | Q12: 2025-11-07 | R12: 2025-11-15 | S12: 2025-11-15 | T12: 2025-11-08 | U12: 2025-11-11 | V12: 2025-11-13 | W12: 2025-11-27 | X12: 2025-11-08 | Y12: 2025-11-20 | Z12: 2025-11-15 | AA12: 2025-11-22 | AB12: 2025-11-13 | AC12: 2025-11-27 | AD12: 2025-11-22 | AE12: 2025-11-22 | AF12: 2025-11-22 | AG12: 2025-11-27 | AH12: 2025-11-20 | AI12: 2025-11-28 | AJ12: 2025-11-29 | AK12: 2025-11-20 | AL12: 2025-11-29 | AM12: 2025-11-29 | AN12: 2025-12-04
A13: 2025-10-23 | B13: 2025-11-12 | C13: 2025-11-05 | D13: 2025-11-18 | E13: 2025-11-09 | F13: 2025-11-18 | G13: 2025-11-08 | H13: 2025-11-15 | I13: 2025-11-11 | J13: 2025-10-23 | K13: 2025-11-11 | L13: 2025-11-08 | M13: 2025-11-26 | N13: 2025-11-14 | O13: 2025-11-20 | P13: 2025-11-22 | Q13: 2025-11-08 | R13: 2025-11-22 | S13: 2025-11-20 | T13: 2025-11-15 | U13: 2025-11-15 | V13: 2025-11-20 | W13: 2025-11-15 | X13: 2025-11-20 | Y13: 2025-11-27 | Z13: 2025-11-22 | AA13: 2025-11-29 | AB13: 2025-11-27 | AC13: 2025-11-30 | AD13: 2025-11-29 | AE13: 2025-11-15 | AF13: 2025-11-29 | AG13: 2025-12-06 | AH13: 2025-11-29 | AI13: 2025-12-06 | AJ13: 2025-12-04
A14: 2025-11-05 | B14: 2025-11-15 | C14: 2025-11-15 | D14: 2025-11-22 | E14: 2025-11-14 | F14: 2025-11-22 | G14: 2025-11-13 | H14: 2025-11-22 | I14: 2025-11-20 | J14: 2025-11-15 | K14: 2025-11-22 | L14: 2025-11-15 | M14: 2025-11-15 | N14: 2025-11-22 | O14: 2025-11-26 | P14: 2025-11-27 | Q14: 2025-11-22 | R14: 2025-11-28 | S14: 2025-11-27 | T14: 2025-11-27 | U14: 2025-11-27 | V14: 2025-11-27 | W14: 2025-12-04 | X14: 2025-11-29 | Y14: 2025-12-04 | Z14: 2025-11-28 | AA14: 2025-12-06 | AB14: 2025-12-04 | AC14: 2025-12-06 | AD14: 2025-12-06 | AE14: 2025-11-29
A15: 2025-11-26 | B15: 2025-11-20 | C15: 2025-11-22 | D15: 2025-11-23 | E15: 2025-11-22 | F15: 2025-11-23 | G15: 2025-11-20 | H15: 2025-11-27 | I15: 2025-11-27 | J15: 2025-11-20 | K15: 2025-11-15 | L15: 2025-11-22 | M15: 2025-11-27 | N15: 2025-11-29 | O15: 2025-12-03 | P15: 2025-11-15 | Q15: 2025-11-29 | R15: 2025-12-06 | S15: 2025-12-04 | T15: 2025-12-06 | U15: 2025-12-06 | V15: 2025-12-04
A16: 2025-11-13 | B16: 2025-11-26 | C16: 2025-11-23 | D16: 2025-11-15 | E16: 2025-11-23 | F16: 2025-11-13 | G16: 2025-11-27 | H16: 2025-12-04 | I16: 2025-12-06 | J16: 2025-11-27 | K16: 2025-11-28 | L16: 2025-12-06 | M16: 2025-12-03 | N16: 2025-12-06 | O16: 2025-12-06 | P16: 2025-12-03
A17: 2025-11-29 | B17: 2025-11-29 | C17: 2025-11-29 | D17: 2025-11-30 | E17: 2025-11-13 | F17: 2025-11-30 | G17: 2025-12-06
A18: 2025-12-06 | B18: 2025-12-06 | C18: 2025-12-06 | D18: 2025-12-04 | E18: 2025-11-30 | F18: 2025-12-04

Sheet AHL_DAT
A3: 2025-09-20 | B3: 2025-09-21 | C3: 2025-09-26 | D3: 2025-09-27 | E3: 2025-09-25 | F3: 2025-10-01 | G3: 2025-10-02 | H3: 2025-10-04 | I3: 2025-10-10 | J3: 2025-10-11 | K3: 2025-10-07 | L3: 2025-10-09 | M3: 2025-10-14 | N3: 2025-10-16 | O3: 2025-10-17 | P3: 2025-10-18 | Q3: 2025-10-25 | R3: 2025-10-26 | S3: 2025-10-31 | T3: 2025-11-01 | U3: 2025-10-23 | V3: 2025-10-28 | W3: 2025-10-30 | X3: 2025-10-29 | Y3: 2025-11-05 | Z3: 2025-11-07 | AA3: 2025-11-08 | AB3: 2025-11-09 | AC3: 2025-11-11 | AD3: 2025-11-12 | AE3: 2025-11-13 | AF3: 2025-11-14 | AG3: 2025-11-15 | AH3: 2025-11-18 | AI3: 2025-11-20 | AJ3: 2025-11-22 | AK3: 2025-11-23 | AL3: 2025-11-25 | AM3: 2025-11-26 | AN3: 2025-11-27 | AO3: 2025-11-28 | AP3: 2025-11-29 | AQ3: 2025-11-30 | AR3: 2025-12-03 | AS3: 2025-12-04 | AT3: 2025-12-06
A4: MoschenAn | B4: BenvegnuAn | C4: BulovecMi | D4: MoschenAn | E4: OrelSt | F4: HolzerTo | G4: MetzingerFi | H4: BulovecMi | I4: BrockAd | J4: MetzingerFi | K4: LazzeriAl | L4: HlavatyAl | M4: Huber rRe | N4: BulovecMi | O4: VoicanCh | P4: PirasAn | Q4: MoschenAn | R4: BrockAd | S4: LebenJa | T4: RuetzMa | U4: Huber rRe | V4: Huber rRe | W4: MetzingerFi | X4: MoschenAn | Y4: BrockAd | Z4: BergantAn | AA4: SpiegelSe | AB4: OrelSt | AC4: BenvegnuAn | AD4: HolzerTo | AE4: MetzingerFi | AF4: BrockAd | AG4: GiacomozziFe | AH4: OrelSt | AI4: MetzingerFi | AJ4: GiacomozziFe | AK4: OrelSt | AL4: VoicanCh | AM4: Huber rRe | AN4: MetzingerFi | AO4: GiacomozziFe | AP4: BrockAd | AQ4: OrelSt | AR4: HolzerTo | AS4: OrelSt | AT4: GiacomozziFe
A5: StefenelliFe | B5: RivisFe | C5: UnterwegerDo | D5: PinieOm | E5: SpiegelSe | F5: WinklerDa | G5: SnojTa | H5: LazzeriAl | I5: SnojTa | J5: UnterwegerDo | K5: OrelSt | L5: VoicanCh | M5: OrelSt | N5: SnojTa | O5: WinklerDa | P5: SoraperraSi | Q5: RivisFe | R5: SnojTa | S5: WinklerDa | T5: VoicanCh | U5: WinklerDa | V5: SpiegelSe | W5: UnterwegerDo | X5: OrelSt | Y5: WinklerDa | Z5: BulovecMi | AA5: UnterwegerDo | AB5: VirtaTu | AC5: MoschenAn | AD5: Huber rRe | AE5: SnojTa | AF5: HlavatyAl | AG5: MoschenAn | AH5: UnterwegerDo | AI5: VoicanCh | AJ5: RuetzMa | AK5: UnterwegerDo | AL5: WidmannFl | AM5: WinklerDa | AN5: SnojTa | AO5: PinieOm | AP5: HlavatyAl | AQ5: UnterwegerDo | AR5: SpiegelSe | AS5: SnojTa | AT5: LazzeriAl
A6: AbeltinoSi | B6: BrondiMa | C6: MiklicGr | D6: BrondiPa | E6: RinkerDa | F6: DivisDo | G6: MiklicGr | H6: ArlicMa | I6: JeramFi | J6: LegatKo | K6: BrondiPa | L6: LegatKo | M6: DivisDo | N6: BergeljNi | O6: PreiserJu | P6: AbeltinoSi | Q6: FecchioFe | R6: PreiserJu | S6: FleischmannLu | T6: PreiserJu | U6: MoidlMa | V6: Dummermuth-haasEl | W6: ArlicMa | X6: BrondiPa | Y6: StrimitzerDa | Z6: ArlicMa | AA6: FleischmannLu | AB6: LegatKo | AC6: AbeltinoSi | AD6: MoidlMa | AE6: MiklicGr | AF6: WendnerMa | AG6: BrondiPa | AH6: SeewaldJe | AI6: LegatKo | AJ6: Steiner fFe | AK6: StrimitzerDa | AL6: SeewaldJe | AM6: DivisDo | AN6: ArlicMa | AO6: BrondiMa | AP6: LegatKo | AQ6: CristeliMa | AR6: DivisDo | AS6: ArlicMa | AT6: AbeltinoSi
A7: BrondiPa | B7: RivisAn | C7: WuchererGe | D7: IlmerNo | E7: WuchererGe | F7: RinkerDa | G7: MurnikPe | H7: BrondiPa | I7: VeselkaMa | J7: WuchererGe | K7: FleischmannLu | L7: WendnerMa | M7: WuchererGe | N7: StrimitzerDa | O7: RinkerDa | P7: CusinFe | Q7: IlmerNo | R7: VeselkaMa | S7: MarkizetiGr | T7: RinkerDa | U7: Steiner fFe | V7: StrimitzerDa | W7: MiklicGr | X7: WuchererGe | Y7: VeselkaMa | Z7: MarkizetiGr | AA7: RivisAn | AB7: WuchererGe | AC7: GrisentiLu | AD7: VeselkaMa | AE7: MurnikPe | AF7: WuchererGe | AG7: CusinFe | AH7: ZacherlPa | AI7: MarkizetiGr | AJ7: VeselkaMa | AK7: WuchererGe | AL7: WendnerMa | AM7: RinkerDa | AN7: JeramFi | AO7: GrisentiLu | AP7: PreiserJu | AQ7: WuchererGe | AR7: RinkerDa | AS7: LegatKo | AT7: RivisAn
A8: PinieOm | D8: BergantAn | E8: HolzerTo | G8: Huber rRe | H8: HlavatyAl | I8: MoschenAn | J8: GiacomozziFe | K8: PinieOm | L8: Huber rRe | M8: BenvegnuAn | N8: LazzeriAl | P8: BrockAd | Q8: BrockAd | T8: PinieOm | U8: MetzingerFi | V8: PinieOm | W8: BulovecMi | AA8: GiacomozziFe | AE8: LazzeriAl | AG8: Huber rRe | AI8: LazzeriAl | AJ8: HolzerTo | AN8: BenvegnuAn | AP8: HolzerTo | AS8: MoschenAn | AT8: BenvegnuAn
A9: VirtaTu | D9: LebenJa | E9: Huber rRe | G9: WinklerDa | H9: VoicanCh | I9: VirtaTu | J9: StefenelliFe | K9: StefenelliFe | L9: SpiegelSe | M9: PinieOm | N9: RivisFe | P9: UnterwegerDo | Q9: SnojTa | T9: RivisFe | U9: RivisFe | V9: PirasAn | W9: HlavatyAl | AA9: LazzeriAl | AE9: PirasAn | AG9: PinieOm | AI9: LebenJa | AJ9: SpiegelSe | AN9: SpiegelSe | AP9: Huber rRe | AS9: PirasAn | AT9: PinieOm
A10: CusinFe | D10: JeramFi | E10: Steiner fFe | G10: BrondiPa | H10: MurnikPe | I10: CristeliMa | J10: BrondiMa | K10: GrisentiLu | L10: AbeltinoSi | M10: GrisentiLu | N10: BrondiPa | P10: VeselkaMa | Q10: PreiserJu | T10: GrisentiLu | U10: ArlicMa | V10: AbeltinoSi | W10: LegatKo | AA10: BrondiMa | AE10: FleischmannLu | AG10: CristeliMa | AI10: AbeltinoSi | AJ10: DivisDo | AN10: FecchioFe | AP10: MarkizetiGr | AS10: CalloviniAn | AT10: CristeliMa
A11: FecchioFe | D11: MiklicGr | E11: VeselkaMa | G11: BrondiMa | H11: PreiserJu | I11: FecchioFe | J11: FleischmannLu | K11: IlmerNo | L11: RinkerDa | M11: SeewaldJe | N11: RivisAn | P11: WuchererGe | Q11: VeselkaMa | T11: RivisAn | U11: BrondiPa | V11: CristeliMa | W11: MurnikPe | AA11: FecchioFe | AE11: IlmerNo | AG11: RivisAn | AI11: ArlicMa | AJ11: GrisentiLu | AN11: MoidlMa | AP11: ZacherlPa | AS11: IlmerNo | AT11: FecchioFe
A12: RuetzMa | D12: VirtaTu | E12: LebenJa | G12: BulovecMi | H12: OrelSt | J12: BergantAn | L12: HolzerTo | M12: BrockAd | N12: GiacomozziFe | P12: HlavatyAl | Q12: GiacomozziFe | T12: HlavatyAl | U12: LazzeriAl | W12: GiacomozziFe | AA12: BergantAn | AE12: OrelSt | AG12: SnojTa | AI12: BergantAn | AJ12: BulovecMi | AN12: MoschenAn | AP12: BergantAn | AS12: UnterwegerDo | AT12: Huber rRe
A13: WinklerDa | D13: WinklerDa | E13: SnojTa | G13: LebenJa | H13: UnterwegerDo | J13: OrelSt | L13: WinklerDa | M13: PirasAn | N13: SpiegelSe | P13: OrelSt | Q13: WinklerDa | T13: SpiegelSe | U13: PirasAn | W13: VirtaTu | AA13: BulovecMi | AE13: WinklerDa | AG13: UnterwegerDo | AI13: PirasAn | AJ13: RivisFe | AN13: StefenelliFe | AP13: BulovecMi | AS13: VirtaTu | AT13: RivisFe
A14: DivisDo | D14: AbeltinoSi | E14: MarkizetiGr | G14: AbeltinoSi | H14: WuchererGe | J14: ArlicMa | L14: DivisDo | M14: FecchioFe | N14: DivisDo | P14: LegatKo | Q14: BrondiPa | T14: AbeltinoSi | U14: CusinFe | W14: BrondiMa | AA14: ArlicMa | AE14: LegatKo | AG14: StrimitzerDa | AI14: BergeljNi | AJ14: MiklicGr | AN14: BrondiPa | AP14: MiklicGr | AS14: FleischmannLu | AT14: RinkerDa
A15: WendnerMa | D15: RinkerDa | E15: MiklicGr | G15: CristeliMa | H15: ZacherlPa | J15: StrimitzerDa | L15: StrimitzerDa | M15: Steiner fFe | N15: GrisentiLu | P15: WendnerMa | Q15: RinkerDa | T15: DivisDo | U15: StrimitzerDa | W15: RivisAn | AA15: MarkizetiGr | AE15: WuchererGe | AG15: VeselkaMa | AI15: BrondiPa | AJ15: RivisAn | AN15: CristeliMa | AP15: WendnerMa | AS15: WendnerMa | AT15: ZacherlPa
A16: Huber rRe | D16: BrockAd | E16: BergantAn | G16: PinieOm | H16: MetzingerFi | J16: Huber rRe | L16: BenvegnuAn | M16: BajtMi | N16: BergantAn | P16: BergantAn | Q16: BenvegnuAn | T16: BrockAd | U16: PinieOm | W16: BenvegnuAn | AG16: BenvegnuAn | AI16: Huber rRe | AJ16: OrelSt | AN16: LebenJa | AP16: RivisFe | AT16: MetzingerFi
A17: PirasAn | D17: RuetzMa | E17: LazzeriAl | G17: StefenelliFe | H17: MoschenAn | J17: LazzeriAl | L17: BulovecMi | M17: MoschenAn | N17: LebenJa | P17: GiacomozziFe | Q17: BergantAn | T17: UnterwegerDo | U17: VirtaTu | W17: LazzeriAl | AG17: VirtaTu | AI17: SoraperraSi | AJ17: UnterwegerDo | AN17: VirtaTu | AP17: RuetzMa | AT17: VoicanCh
A18: IlmerNo | D18: PreiserJu | E18: BrondiPa | G18: FecchioFe | H18: GrisentiLu | J18: AbeltinoSi | L18: CusinFe | M18: MarkizetiGr | N18: LegatKo | P18: ArlicMa | Q18: GrisentiLu | T18: Steiner fFe | U18: AbeltinoSi | W18: FecchioFe | AG18: BrondiMa | AI18: FleischmannLu | AJ18: StrimitzerDa | AN18: AbeltinoSi | AP18: CusinFe | AT18: MurnikPe
A19: StrimitzerDa | D19: VeselkaMa | E19: JeramFi | G19: RivisAn | H19: JeramFi | J19: DivisDo | L19: MarkizetiGr | M19: MiklicGr | N19: WendnerMa | P19: IlmerNo | Q19: MiklicGr | T19: WuchererGe | U19: BrondiMa | W19: IlmerNo | AG19: FecchioFe | AI19: RinkerDa | AJ19: WuchererGe | AN19: BergeljNi | AP19: StrimitzerDa | AT19: PreiserJu
A20: BrockAd | D20: PirasAn | E20: BenvegnuAn | G20: BergantAn | H20: RivisFe | J20: BulovecMi | N20: OrelSt | P20: Huber rRe | Q20: HolzerTo | T20: PirasAn | U20: BulovecMi | AG20: RuetzMa | AI20: BajtMi | AJ20: BrockAd | AN20: LazzeriAl | AP20: StefenelliFe | AT20: BrockAd
A21: LazzeriAl | D21: RivisFe | E21: StefenelliFe | G21: PirasAn | H21: VirtaTu | J21: LebenJa | N21: UnterwegerDo | P21: MoschenAn | Q21: LazzeriAl | T21: VirtaTu | U21: SpiegelSe | AG21: VoicanCh | AI21: VirtaTu | AJ21: HlavatyAl | AN21: PirasAn | AP21: WinklerDa | AT21: WinklerDa
A22: GrisentiLu | D22: BrondiMa | E22: FecchioFe | G22: ArlicMa | H22: CristeliMa | J22: IlmerNo | N22: Steiner fFe | P22: StrimitzerDa | Q22: DivisDo | T22: CristeliMa | U22: JeramFi | AG22: PreiserJu | AI22: CristeliMa | AJ22: Dummermuth-haasEl | AN22: DivisDo | AP22: Steiner fFe | AT22: MoidlMa
A23: PreiserJu | D23: RivisAn | E23: GrisentiLu | G23: CusinFe | H23: RivisAn | J23: RivisAn | N23: WuchererGe | P23: ZacherlPa | Q23: RivisAn | T23: CusinFe | U23: MarkizetiGr | AG23: RinkerDa | AI23: MurnikPe | AJ23: PreiserJu | AN23: IlmerNo | AP23: VeselkaMa | AT23: StrimitzerDa
D24: SnojTa | H24: BenvegnuAn | J24: RivisFe | P24: BenvegnuAn | Q24: UnterwegerDo | T24: MetzingerFi | AG24: SpiegelSe | AJ24: MoschenAn
D25: SpiegelSe | H25: SpiegelSe | J25: WinklerDa | P25: LebenJa | Q25: WidmannFl | T25: StefenelliFe | AG25: StefenelliFe | AJ25: PinieOm
D26: MarkizetiGr | H26: FecchioFe | J26: CristeliMa | P26: GrisentiLu | Q26: StrimitzerDa | T26: BrondiMa | AG26: DivisDo | AJ26: BrondiMa
D27: StrimitzerDa | H27: IlmerNo | J27: RinkerDa | P27: MurnikPe | Q27: WendnerMa | T27: MurnikPe | AG27: GrisentiLu | AJ27: CusinFe

Sheet AHL_DAT_STRING
A3: 2025-09-20 | B3: 2025-09-21 | C3: 2025-09-26 | D3: 2025-09-27 | E3: 2025-09-25 | F3: 2025-10-01 | G3: 2025-10-02 | H3: 2025-10-04 | I3: 2025-10-10 | J3: 2025-10-11 | K3: 2025-10-07 | L3: 2025-10-09 | M3: 2025-10-14 | N3: 2025-10-16 | O3: 2025-10-17 | P3: 2025-10-18 | Q3: 2025-10-25 | R3: 2025-10-26 | S3: 2025-10-31 | T3: 2025-11-01 | U3: 2025-10-23 | V3: 2025-10-28 | W3: 2025-10-30 | X3: 2025-10-29 | Y3: 2025-11-05 | Z3: 2025-11-07 | AA3: 2025-11-08 | AB3: 2025-11-09 | AC3: 2025-11-11 | AD3: 2025-11-12 | AE3: 2025-11-13 | AF3: 2025-11-14 | AG3: 2025-11-15 | AH3: 2025-11-18 | AI3: 2025-11-20 | AJ3: 2025-11-22 | AK3: 2025-11-23 | AL3: 2025-11-25 | AM3: 2025-11-26 | AN3: 2025-11-27 | AO3: 2025-11-28 | AP3: 2025-11-29 | AQ3: 2025-11-30 | AR3: 2025-12-03 | AS3: 2025-12-04 | AT3: 2025-12-06
A4: Eishalle Ritten;MoschenAn;StefenelliFe;AbeltinoSi;BrondiPa | B4: Eishalle Meran;BenvegnuAn;RivisFe;BrondiMa;RivisAn | C4: Eishalle Jesenice;BulovecMi;UnterwegerDo;MiklicGr;WuchererGe | D4: Eishalle Ritten;MoschenAn;PinieOm;BrondiPa;IlmerNo | E4: Eisarena Salzburg;OrelSt;SpiegelSe;RinkerDa;WuchererGe | F4: Eishalle Dornbirn;HolzerTo;WinklerDa;DivisDo;RinkerDa | G4: Eishalle Sissek Zibel;MetzingerFi;SnojTa;MiklicGr;MurnikPe | H4: Eishalle Sterzing;BulovecMi;LazzeriAl;ArlicMa;BrondiPa | I4: Eishalle Jesenice;BrockAd;SnojTa;JeramFi;VeselkaMa | J4: Eishalle Sissek Zibel;MetzingerFi;UnterwegerDo;LegatKo;WuchererGe | K4: Eishalle Ritten;LazzeriAl;OrelSt;BrondiPa;FleischmannLu | L4: Eisarena Salzburg;HlavatyAl;VoicanCh;LegatKo;WendnerMa | M4: Eisarena Salzburg;Huber rRe;OrelSt;DivisDo;WuchererGe | N4: Sportpark Kitzbühel;BulovecMi;SnojTa;BergeljNi;StrimitzerDa | O4: Eisarena Salzburg;VoicanCh;WinklerDa;PreiserJu;RinkerDa | P4: Eishalle Ritten;PirasAn;SoraperraSi;AbeltinoSi;CusinFe | Q4: Eishalle Gröden;MoschenAn;RivisFe;FecchioFe;IlmerNo | R4: Eishalle Sissek Zibel;BrockAd;SnojTa;PreiserJu;VeselkaMa | S4: Eishalle Cortina;LebenJa;WinklerDa;FleischmannLu;MarkizetiGr | T4: Eisarena Salzburg;RuetzMa;VoicanCh;PreiserJu;RinkerDa | U4: KELIT Arena Zell am See;Huber rRe;WinklerDa;MoidlMa;Steiner fFe | V4: Eisarena Salzburg;Huber rRe;SpiegelSe;Dummermuth-haasEl;StrimitzerDa | W4: Eishalle Sissek Zibel;MetzingerFi;UnterwegerDo;ArlicMa;MiklicGr | X4: Würtharena Neumarkt;MoschenAn;OrelSt;BrondiPa;WuchererGe | Y4: Eishalle Dornbirn;BrockAd;WinklerDa;StrimitzerDa;VeselkaMa | Z4: Eishalle Meran;BergantAn;BulovecMi;ArlicMa;MarkizetiGr | AA4: Eishalle Meran;SpiegelSe;UnterwegerDo;FleischmannLu;RivisAn | AB4: Eishalle Sterzing;OrelSt;VirtaTu;LegatKo;WuchererGe | AC4: Eishalle Asiago;BenvegnuAn;MoschenAn;AbeltinoSi;GrisentiLu | AD4: Eishalle Dornbirn;HolzerTo;Huber rRe;MoidlMa;VeselkaMa | AE4: Eishalle Sissek Zibel;MetzingerFi;SnojTa;MiklicGr;MurnikPe | AF4: Eishalle Jesenice;BrockAd;HlavatyAl;WendnerMa;WuchererGe | AG4: Eishalle Ritten;GiacomozziFe;MoschenAn;BrondiPa;CusinFe | AH4: Eisarena Salzburg;OrelSt;UnterwegerDo;SeewaldJe;ZacherlPa | AI4: Eishalle Jesenice;MetzingerFi;VoicanCh;LegatKo;MarkizetiGr | AJ4: Eishalle Ritten;GiacomozziFe;RuetzMa;Steiner fFe;VeselkaMa | AK4: Eishalle Dornbirn;OrelSt;UnterwegerDo;StrimitzerDa;WuchererGe | AL4: Eisarena Salzburg;VoicanCh;WidmannFl;SeewaldJe;WendnerMa | AM4: Eishalle Dornbirn;Huber rRe;WinklerDa;DivisDo;RinkerDa | AN4: Eishalle Sissek Zibel;MetzingerFi;SnojTa;ArlicMa;JeramFi | AO4: Eishalle Meran;GiacomozziFe;PinieOm;BrondiMa;GrisentiLu | AP4: Eishalle Jesenice;BrockAd;HlavatyAl;LegatKo;PreiserJu | AQ4: Eishalle Sterzing;OrelSt;UnterwegerDo;CristeliMa;WuchererGe | AR4: Eishalle Dornbirn;HolzerTo;SpiegelSe;DivisDo;RinkerDa | AS4: Eishalle Jesenice;OrelSt;SnojTa;ArlicMa;LegatKo | AT4: Eishalle Sterzing;GiacomozziFe;LazzeriAl;AbeltinoSi;RivisAn
A5: Würtharena Neumarkt;PinieOm;VirtaTu;CusinFe;FecchioFe | D5: Eishalle Sissek Zibel;BergantAn;LebenJa;JeramFi;MiklicGr | E5: Sportpark Kitzbühel;HolzerTo;Huber rRe;Steiner fFe;VeselkaMa | G5: Würtharena Neumarkt;Huber rRe;WinklerDa;BrondiPa;BrondiMa | H5: Eishalle Jesenice;HlavatyAl;VoicanCh;MurnikPe;PreiserJu | I5: Eishalle Asiago;MoschenAn;VirtaTu;CristeliMa;FecchioFe | J5: Würtharena Neumarkt;GiacomozziFe;StefenelliFe;BrondiMa;FleischmannLu | K5: Eishalle Asiago;PinieOm;StefenelliFe;GrisentiLu;IlmerNo | L5: Eishalle Ritten;Huber rRe;SpiegelSe;AbeltinoSi;RinkerDa | M5: KELIT Arena Zell am See;BenvegnuAn;PinieOm;GrisentiLu;SeewaldJe | N5: Würtharena Neumarkt;LazzeriAl;RivisFe;BrondiPa;RivisAn | P5: Eishalle Sterzing;BrockAd;UnterwegerDo;VeselkaMa;WuchererGe | Q5: Eishalle Sissek Zibel;BrockAd;SnojTa;PreiserJu;VeselkaMa | T5: Eishalle Ritten;PinieOm;RivisFe;GrisentiLu;RivisAn | U5: Eishalle Jesenice;MetzingerFi;RivisFe;ArlicMa;BrondiPa | V5: Eishalle Cortina;PinieOm;PirasAn;AbeltinoSi;CristeliMa | W5: KELIT Arena Zell am See;BulovecMi;HlavatyAl;LegatKo;MurnikPe | AA5: Eishalle Gröden;GiacomozziFe;LazzeriAl;BrondiMa;FecchioFe | AE5: Eishalle Asiago;LazzeriAl;PirasAn;FleischmannLu;IlmerNo | AG5: Eishalle Sterzing;Huber rRe;PinieOm;CristeliMa;RivisAn | AI5: KELIT Arena Zell am See;LazzeriAl;LebenJa;AbeltinoSi;ArlicMa | AJ5: Eishalle Gröden;HolzerTo;SpiegelSe;DivisDo;GrisentiLu | AN5: Sportpark Kitzbühel;BenvegnuAn;SpiegelSe;FecchioFe;MoidlMa | AP5: KELIT Arena Zell am See;HolzerTo;Huber rRe;MarkizetiGr;ZacherlPa | AS5: Eishalle Gröden;MoschenAn;PirasAn;CalloviniAn;IlmerNo | AT5: Eishalle Ritten;BenvegnuAn;PinieOm;CristeliMa;FecchioFe
A6: Eisarena Salzburg;RuetzMa;WinklerDa;DivisDo;WendnerMa | D6: Eishalle Meran;VirtaTu;WinklerDa;AbeltinoSi;RinkerDa | E6: Eishalle Sterzing;LebenJa;SnojTa;MarkizetiGr;MiklicGr | G6: Eishalle Ritten;BulovecMi;LebenJa;AbeltinoSi;CristeliMa | H6: Eisarena Salzburg;OrelSt;UnterwegerDo;WuchererGe;ZacherlPa | J6: Eishalle Meran;BergantAn;OrelSt;ArlicMa;StrimitzerDa | L6: Eishalle Sterzing;HolzerTo;WinklerDa;DivisDo;StrimitzerDa | M6: Eishalle Jesenice;BrockAd;PirasAn;FecchioFe;Steiner fFe | N6: Eishalle Gröden;GiacomozziFe;SpiegelSe;DivisDo;GrisentiLu | P6: Eishalle Jesenice;HlavatyAl;OrelSt;LegatKo;WendnerMa | Q6: Würtharena Neumarkt;GiacomozziFe;WinklerDa;BrondiPa;RinkerDa | T6: KELIT Arena Zell am See;HlavatyAl;SpiegelSe;AbeltinoSi;DivisDo | U6: Eishalle Sterzing;LazzeriAl;PirasAn;CusinFe;StrimitzerDa | W6: Eishalle Sterzing;GiacomozziFe;VirtaTu;BrondiMa;RivisAn | AA6: Eishalle Cortina;BergantAn;BulovecMi;ArlicMa;MarkizetiGr | AE6: Sportpark Kitzbühel;OrelSt;WinklerDa;LegatKo;WuchererGe | AG6: Eishalle Sissek Zibel;SnojTa;UnterwegerDo;StrimitzerDa;VeselkaMa | AI6: Würtharena Neumarkt;BergantAn;PirasAn;BergeljNi;BrondiPa | AJ6: Würtharena Neumarkt;BulovecMi;RivisFe;MiklicGr;RivisAn | AN6: Eishalle Sterzing;MoschenAn;StefenelliFe;BrondiPa;CristeliMa | AP6: Eishalle Sissek Zibel;BergantAn;BulovecMi;MiklicGr;WendnerMa | AS6: Eishalle Meran;UnterwegerDo;VirtaTu;FleischmannLu;WendnerMa | AT6: Würtharena Neumarkt;Huber rRe;RivisFe;RinkerDa;ZacherlPa
A7: Sportpark Kitzbühel;Huber rRe;PirasAn;IlmerNo;StrimitzerDa | D7: KELIT Arena Zell am See;BrockAd;RuetzMa;PreiserJu;VeselkaMa | E7: Würtharena Neumarkt;BergantAn;LazzeriAl;BrondiPa;JeramFi | G7: Eishalle Meran;PinieOm;StefenelliFe;FecchioFe;RivisAn | H7: Sportpark Kitzbühel;MetzingerFi;MoschenAn;GrisentiLu;JeramFi | J7: Eishalle Gröden;Huber rRe;LazzeriAl;AbeltinoSi;DivisDo | L7: Eishalle Cortina;BenvegnuAn;BulovecMi;CusinFe;MarkizetiGr | M7: Eishalle Ritten;BajtMi;MoschenAn;MarkizetiGr;MiklicGr | N7: Eishalle Jesenice;BergantAn;LebenJa;LegatKo;WendnerMa | P7: KELIT Arena Zell am See;BergantAn;GiacomozziFe;ArlicMa;IlmerNo | Q7: Eisarena Salzburg;BenvegnuAn;BergantAn;GrisentiLu;MiklicGr | T7: Sportpark Kitzbühel;BrockAd;UnterwegerDo;Steiner fFe;WuchererGe | U7: Eishalle Asiago;PinieOm;VirtaTu;AbeltinoSi;BrondiMa | W7: Eishalle Ritten;BenvegnuAn;LazzeriAl;FecchioFe;IlmerNo | AG7: Würtharena Neumarkt;BenvegnuAn;VirtaTu;BrondiMa;FecchioFe | AI7: Eishalle Meran;Huber rRe;SoraperraSi;FleischmannLu;RinkerDa | AJ7: Eishalle Dornbirn;OrelSt;UnterwegerDo;StrimitzerDa;WuchererGe | AN7: Eishalle Gröden;LebenJa;VirtaTu;AbeltinoSi;BergeljNi | AP7: Eishalle Asiago;RivisFe;RuetzMa;CusinFe;StrimitzerDa | AT7: Sportpark Kitzbühel;MetzingerFi;VoicanCh;MurnikPe;PreiserJu
A8: KELIT Arena Zell am See;BrockAd;LazzeriAl;GrisentiLu;PreiserJu | D8: Eishalle Asiago;PirasAn;RivisFe;BrondiMa;RivisAn | E8: Eishalle Gröden;BenvegnuAn;StefenelliFe;FecchioFe;GrisentiLu | G8: Eishalle Gröden;BergantAn;PirasAn;ArlicMa;CusinFe | H8: Eishalle Gröden;RivisFe;VirtaTu;CristeliMa;RivisAn | J8: Eishalle Asiago;BulovecMi;LebenJa;IlmerNo;RivisAn | N8: Eishalle Sissek Zibel;OrelSt;UnterwegerDo;Steiner fFe;WuchererGe | P8: Sportpark Kitzbühel;Huber rRe;MoschenAn;StrimitzerDa;ZacherlPa | Q8: Eishalle Dornbirn;HolzerTo;LazzeriAl;DivisDo;RivisAn | T8: Eishalle Asiago;PirasAn;VirtaTu;CristeliMa;CusinFe | U8: Eishalle Meran;BulovecMi;SpiegelSe;JeramFi;MarkizetiGr | AG8: KELIT Arena Zell am See;RuetzMa;VoicanCh;PreiserJu;RinkerDa | AI8: Eishalle Cortina;BajtMi;VirtaTu;CristeliMa;MurnikPe | AJ8: KELIT Arena Zell am See;BrockAd;HlavatyAl;Dummermuth-haasEl;PreiserJu | AN8: Eishalle Cortina;LazzeriAl;PirasAn;DivisDo;IlmerNo | AP8: Eishalle Cortina;StefenelliFe;WinklerDa;Steiner fFe;VeselkaMa | AT8: Eishalle Gröden;BrockAd;WinklerDa;MoidlMa;StrimitzerDa
D9: Eishalle Cortina;SnojTa;SpiegelSe;MarkizetiGr;StrimitzerDa | H9: Eishalle Dornbirn;BenvegnuAn;SpiegelSe;FecchioFe;IlmerNo | J9: Eishalle Cortina;RivisFe;WinklerDa;CristeliMa;RinkerDa | P9: Eishalle Asiago;BenvegnuAn;LebenJa;GrisentiLu;MurnikPe | Q9: Eishalle Cortina;UnterwegerDo;WidmannFl;StrimitzerDa;WendnerMa | T9: Eishalle Cortina;MetzingerFi;StefenelliFe;BrondiMa;MurnikPe | AG9: Sportpark Kitzbühel;SpiegelSe;StefenelliFe;DivisDo;GrisentiLu | AJ9: Eishalle Asiago;MoschenAn;PinieOm;BrondiMa;CusinFe

Sheet Stevilo tekem po drzavah
A1: vse delegirane tekme | C1: =COUNTIF(AHL_DAT_STRING!4:18,"<>") -> 140
A2: vse delegacije | C2: =C1*4 -> 560
A3: vse delegacije | B3: =COUNTIF(AHL!4:50, "<>") -> 560 | E3: Procenti delegacij
A4: slo | B4: =SUMIF(AHL!2:2,"sl",AHL!1:1) -> 103 | C4: =AHL!AH1 -> 10 | E4: - | F4: No. Teams | G4: % per team | H4: Actual % | I4: Expected assignments | J4: Actual assignments | K4: Difference | L4: Difference in games
A5: hr | B5: =SUMIF(AHL!2:2,"hr",AHL!1:1) -> 0 | E5: slo | F5: 1 | G5: =F5/13 -> 0.076923077 | H5: =B4/B3 -> 0.18392857 | I5: =C2*G5 -> 43.076923 | J5: =B4 -> 103 | K5: =J5-I5 -> 59.923077 | L5: =K5/4 -> 14.980769
A6: it | B6: =SUMIF(AHL!2:2,"it",AHL!1:1) -> 221 | C6: =AHL!AB1 -> 11 | E6: hr | F6: 1 | G6: =F6/13 -> 0.076923077 | H6: =B5/B3 -> 0 | I6: =C2*G6 -> 43.076923 | J6: =B5 -> 0 | K6: =J6-I6 -> -43.076923 | L6: =K6/4 -> -10.769231
A7: au | B7: =SUMIF(AHL!2:2,"au",AHL!1:1) -> 236 | C7: =SUM(AHL!AV1,AHL!BA1,AHL!L1,AHL!AF1,AHL!BF1,AHL!BG1,AHL!BH1,AHL!BE1) -> 32 | E7: Slo | F7: 2 | G7: =F7/13 -> 0.15384615 | H7: =(B5+B4)/B3 -> 0.18392857 | I7: =C2*G7 -> 86.153846 | J7: =B4+B5 -> 103 | K7: =J7-I7 -> 16.846154 | L7: =K7/4 -> 4.2115385
A8: trainees | C8: =SUM(C4:C7) -> 53 | E8: It | F8: 7 | G8: =F8/13 -> 0.53846154 | H8: =B6/B3 -> 0.39464286 | I8: =C2*G8 -> 301.53846 | J8: =B6 -> 221 | K8: =J8-I8 -> -80.538462 | L8: =K8/4 -> -20.134615
A9: kotrola | B9: =SUM(B4:B7) -> 560 | E9: Aut | F9: 4 | G9: =F9/13 -> 0.30769231 | H9: =B7/B3 -> 0.42142857 | I9: =C2*G9 -> 172.30769 | J9: =B7 -> 236 | K9: =J9-I9 -> 63.692308 | L9: =K9/4 -> 15.923077
H11: kontrola | I11: =SUM(I7:I9) -> 560 | J11: =SUM(J7:J9) -> 560 | K11: =SUM(K7:K9) -> 0 | L11: =SUM(L7:L9) -> 0
A13: delegiranih krogov | B13: =C1/2/6 -> 11.666667
F14: Glavni | G14: Linici
E15: Aut | F15: 10
E16: It
E17: Slo | F17: 5

Sheet Sheet1
D1: te še niso dubl tekme
A2: Blaz Javornik - Ref ALPS <javornik.blaz@gmail.com>,
A7: Jacopo Pace - LM AHL <jacopo.pace98@gmail.com>,

Sheet Sheet3
B5: WinklerDa | C5: 15
B6: Huber rRe | C6: 15
B7: StrimitzerDa | C7: 15
B8: UnterwegerDo | C8: 15
B9: WuchererGe | C9: 15
B10: OrelSt | C10: 15
B11: LazzeriAl | C11: 14
B12: MoschenAn | C12: 13
B13: AbeltinoSi | C13: 13
B14: BrondiPa | C14: 13
B15: GrisentiLu | C15: 13
B16: RivisAn | C16: 13
... B29: ArlicMa | C29: 11
