Workbook

Sheet AHL
A1: =COUNTIF(A4:A69,"<>") -> 9 | B1: =COUNTIF(B4:B68,"<>") -> 8 | C1: =COUNTIF(C4:C70,"<>") -> 9 | D1: =COUNTIF(D4:D68,"<>") -> 10 | E1: =COUNTIF(E4:E68,"<>") -> 11 | F1: =COUNTIF(F4:F69,"<>") -> 8 | G1: =COUNTIF(G4:G68,"<>") -> 4 | H1: =COUNTIF(H4:H68,"<>") -> 8 | I1: =COUNTIF(I4:I69,"<>") -> 7 | J1: =COUNTIF(J4:J68,"<>") -> 5 | K1: =COUNTIF(K4:K70,"<>") -> 9 | L1: =COUNTIF(L4:L69,"<>") -> 8 | M1: =COUNTIF(M4:M70,"<>") -> 1 | N1: =COUNTIF(N4:N69,"<>") -> 9 | O1: =COUNTIF(O4:O68,"<>") -> 11 | P1: =COUNTIF(P4:P70,"<>") -> 10 | Q1: =COUNTIF(Q4:Q68,"<>") -> 12 | R1: =COUNTIF(R4:R67,"<>") -> 12 | S1: =COUNTIF(S4:S69,"<>") -> 12 | T1: =COUNTIF(T4:T68,"<>") -> 10 | U1: =COUNTIF(U4:U70,"<>") -> 12 | V1: =COUNTIF(V4:V67,"<>") -> 9 | W1: =COUNTIF(W4:W69,"<>") -> 12 | X1: =COUNTIF(X4:X68,"<>") -> 2 | Y1: =COUNTIF(Y4:Y67,"<>") -> 9 | Z1: =COUNTIF(Z4:Z70,"<>") -> 11 | AA1: =COUNTIF(AA4:AA66,"<>") -> 9 | AB1: =COUNTIF(AB4:AB68,"<>") -> 7 | AC1: =COUNTIF(AC4:AC69,"<>") -> 8 | AD1: =COUNTIF(AD4:AD69,"<>") -> 9 | AE1: =COUNTIF(AE4:AE68,"<>") -> 9 | AF1: =COUNTIF(AF4:AF65,"<>") -> 8 | AG1: =COUNTIF(AG4:AG69,"<>") -> 9 | AH1: =COUNTIF(AH4:AH68,"<>") -> 8 | AI1: =COUNTIF(AI4:AI69,"<>") -> 3 | AJ1: =COUNTIF(AJ4:AJ65,"<>") -> 6 | AK1: =COUNTIF(AK4:AK66,"<>") -> 9 | AL1: =COUNTIF(AL4:AL68,"<>") -> 8 | AM1: =COUNTIF(AM4:AM67,"<>") -> 10 | AN1: =COUNTIF(AN4:AN66,"<>") -> 11 | AO1: =COUNTIF(AO4:AO69,"<>") -> 8 | AP1: =COUNTIF(AP4:AP68,"<>") -> 9 | AQ1: =COUNTIF(AQ4:AQ68,"<>") -> 9 | AR1: =COUNTIF(AR4:AR64,"<>") -> 11 | AS1: =COUNTIF(AS4:AS69,"<>") -> 8 | AT1: =COUNTIF(AT4:AT67,"<>") -> 12 | AU1: =COUNTIF(AU4:AU70,"<>") -> 8 | AV1: =COUNTIF(AV4:AV67,"<>") -> 10 | AW1: =COUNTIF(AW4:AW67,"<>") -> 9 | AX1: =COUNTIF(AX4:AX67,"<>") -> 10 | AY1: =COUNTIF(AY4:AY68,"<>") -> 10 | AZ1: =COUNTIF(AZ4:AZ66,"<>") -> 11 | BA1: =COUNTIF(BA4:BA70,"<>") -> 10 | BB1: =COUNTIF(BB4:BB69,"<>") -> 11 | BC1: =COUNTIF(BC4:BC68,"<>") -> 8 | BD1: =COUNTIF(BD4:BD70,"<>") -> 8 | BE1: =COUNTIF(BE4:BE68,"<>") -> 5 | BF1: =COUNTIF(BF4:BF70,"<>") -> 6 | BG1: =COUNTIF(BG4:BG68,"<>") -> 4 | BH1: =COUNTIF(BH4:BH70,"<>") -> 4 | BI1: =COUNTIF(BI4:BI70,"<>") -> 1 | BJ1: =COUNTIF(BJ4:BJ69,"<>") -> 5 | BK1: =COUNTIF(BK4:BK66,"<>") -> 7 | BL1: =COUNTIF(BL4:BL70,"<>") -> 1 | BM1: =COUNTIF(BM4:BM69,"<>") -> 5 | BN1: =COUNTIF(BN4:BN68,"<>") -> 5 | BO1: =COUNTIF(BO4:BO70,"<>") -> 4 | BP1: =COUNTIF(BP4:BP70,"<>") -> 3
A2: sl | B2: sl | C2: sl | D2: sl | E2: sl | F2: sl | G2: sl | H2: sl | I2: sl | J2: sl | K2: hr | L2: hr | M2: hr | N2: it | O2: it | P2: it | Q2: it | R2: it | S2: it | T2: it | U2: it | V2: it | W2: it | X2: it | Y2: it | Z2: it | AA2: it | AB2: it | AC2: it | AD2: it | AE2: it | AF2: it | AG2: it | AH2: it | AI2: it | AJ2: it | AK2: it | AL2: au | AM2: au | AN2: au | AO2: au | AP2: au | AQ2: au | AR2: au | AS2: au | AT2: au | AU2: au | AV2: au | AW2: au | AX2: au | AY2: au | AZ2: au | BA2: au | BB2: au | BC2: au | BD2: au | BE2: au | BF2: au | BG2: au | BH2: au | BI2: au | BJ2: au | BK2: au | BL2: au | BM2: au | BN2: au | BO2: au | BP2: au
A3: SnojTa | B3: BajtMi | C3: BulovecMi | D3: ArlicMa | E3: MarkizetiGr | F3: LebenJa | G3: MiklicGr | H3: LesniakBo | I3: JeramFi | J3: JavornikBl | K3: MetzingerFi | L3: KnezRo | M3: PiragicTr | N3: BenvegnuAn | O3: SoraperraSi | P3: FecchioFe | Q3: GrisentiLu | R3: LazzeriAl | S3: BrondiPa | T3: FormaioniTh | U3: MoschenAn | V3: RivisAn | W3: VirtaTu | X3: FleischmannLu | Y3: IlmerNo | Z3: StefenelliFe | AA3: ScalzeriAl | AB3: GiacomozziFe | AC3: AbeltinoSi | AD3: PirasAn | AE3: RivisFe | AF3: CusinFe | AG3: PinieOm | AH3: PaceJa | AI3: LegaSi | AJ3: EggerTh | AK3: CristeliMa | AL3: KainbergerJu | AM3: TelesklavFa | AN3: WuchererGe | AO3: Huber rRe | AP3: SpiegelSe | AQ3: MeixnerSe | AR3: OrelSt | AS3: WendnerMa | AT3: RuetzMa | AU3: VoicanCh | AV3: LegatKo | AW3: PreiserJu | AX3: RinkerDa | AY3: WidmannFl | AZ3: StrimitzerDa | BA3: HolzerTo | BB3: DivisDo | BC3: BrockAd | BD3: SeewaldJe | BE3: ZacherlPa | BF3: MoidlMa | BG3: WeissAl | BH3: WenuschHe | BI3: PuffWo | BJ3: MattheyPh | BK3: JägerRi | BL3: SternatCh | BM3: HlavatyAl | BN3: EislCh | BO3: MoidlDa | BP3: LehnerMo
A4: 2024-09-21 | B4: 2024-09-26 | C4: 2024-09-26 | D4: 2024-09-26 | E4: 2024-09-26 | F4: 2024-10-05 | G4: 2024-10-05 | H4: 2024-09-28 | I4: 2024-09-28 | J4: 2024-11-01 | K4: 2024-09-22 | L4: 2024-09-28 | M4: 2024-10-19 | N4: 2024-09-21 | O4: 2024-09-21 | P4: 2024-09-21 | Q4: 2024-09-21 | R4: 2024-09-21 | S4: 2024-09-21 | T4: 2024-09-21 | U4: 2024-09-21 | V4: 2024-09-21 | W4: 2024-09-21 | X4: 2024-09-21 | Y4: 2024-09-21 | Z4: 2024-09-22 | AA4: 2024-09-22 | AB4: 2024-10-05 | AC4: 2024-10-05 | AD4: 2024-09-26 | AE4: 2024-09-26 | AF4: 2024-09-26 | AG4: 2024-09-26 | AH4: 2024-11-01 | AI4: 2024-10-12 | AJ4: 2024-10-27 | AK4: 2024-10-20 | AL4: 2024-09-24 | AM4: 2024-09-28 | AN4: 2024-10-10 | AO4: 2024-09-26 | AP4: 2024-09-21 | AQ4: 2024-09-29 | AR4: 2024-09-21 | AS4: 2024-09-21 | AT4: 2024-09-21 | AU4: 2024-09-24 | AV4: 2024-09-24 | AW4: 2024-09-24 | AX4: 2024-09-28 | AY4: 2024-10-05 | AZ4: 2024-09-26 | BA4: 2024-09-26 | BB4: 2024-09-26 | BC4: 2024-09-28 | BD4: 2024-10-03 | BE4: 2024-10-03 | BF4: 2024-10-10 | BG4: 2024-10-05 | BH4: 2024-10-12 | BI4: 2024-09-28 | BJ4: 2024-10-23 | BK4: 2024-11-03 | BL4: 2024-10-26 | BM4: 2024-10-26 | BN4: 2024-10-29 | BO4: 2024-11-01 | BP4: 2024-11-23
A5: 2024-09-28 | B5: 2024-10-05 | C5: 2024-10-03 | D5: 2024-10-03 | E5: 2024-09-21 | F5: 2024-10-12 | G5: 2024-10-10 | H5: 2024-10-05 | I5: 2024-10-10 | J5: 2024-10-24 | K5: 2024-09-28 | L5: 2024-10-12 | N5: 2024-10-05 | O5: 2024-09-28 | P5: 2024-09-26 | Q5: 2024-10-05 | R5: 2024-10-05 | S5: 2024-09-26 | T5: 2024-09-26 | U5: 2024-10-05 | V5: 2024-10-05 | W5: 2024-09-28 | X5: 2024-12-07 | Y5: 2024-09-28 | Z5: 2024-09-28 | AA5: 2024-10-03 | AB5: 2024-10-12 | AC5: 2024-09-22 | AD5: 2024-10-03 | AE5: 2024-10-03 | AF5: 2024-10-03 | AG5: 2024-10-03 | AH5: 2024-10-24 | AI5: 2024-11-14 | AJ5: 2024-11-23 | AK5: 2024-10-29 | AL5: 2024-10-10 | AM5: 2024-10-10 | AN5: 2024-09-21 | AO5: 2024-10-03 | AP5: 2024-10-03 | AQ5: 2024-10-10 | AR5: 2024-10-16 | AS5: 2024-10-05 | AT5: 2024-10-03 | AU5: 2024-09-29 | AV5: 2024-09-29 | AW5: 2024-09-29 | AX5: 2024-10-08 | AY5: 2024-09-28 | AZ5: 2024-09-28 | BA5: 2024-09-28 | BB5: 2024-10-03 | BC5: 2024-10-17 | BD5: 2024-10-09 | BE5: 2024-11-03 | BF5: 2024-11-01 | BG5: 2024-11-16 | BH5: 2024-10-25 | BJ5: 2024-11-03 | BK5: 2024-10-09 | BM5: 2024-10-29 | BN5: 2024-11-23 | BO5: 2024-10-24 | BP5: 2024-11-30
A6: 2024-10-10 | B6: 2024-10-12 | C6: 2024-10-10 | D6: 2024-10-05 | E6: 2024-10-05 | F6: 2024-09-28 | G6: 2024-11-01 | H6: 2024-10-12 | I6: 2024-10-17 | J6: 2024-11-23 | K6: 2024-10-12 | L6: 2024-10-26 | N6: 2024-09-26 | O6: 2024-10-03 | P6: 2024-10-10 | Q6: 2024-09-26 | R6: 2024-09-26 | S6: 2024-10-03 | T6: 2024-10-03 | U6: 2024-09-28 | V6: 2024-09-28 | W6: 2024-10-03 | Y6: 2024-10-03 | Z6: 2024-10-08 | AA6: 2024-10-16 | AB6: 2024-10-31 | AC6: 2024-10-12 | AD6: 2024-10-10 | AE6: 2024-10-12 | AF6: 2024-10-10 | AG6: 2024-10-10 | AH6: 2024-10-31 | AI6: 2024-11-28 | AJ6: 2024-12-03 | AK6: 2024-10-19 | AL6: 2024-10-17 | AM6: 2024-09-26 | AN6: 2024-10-06 | AO6: 2024-10-19 | AP6: 2024-10-09 | AQ6: 2024-09-26 | AR6: 2024-10-06 | AS6: 2024-09-28 | AT6: 2024-10-08 | AU6: 2024-10-10 | AV6: 2024-10-10 | AW6: 2024-10-12 | AX6: 2024-10-17 | AY6: 2024-09-21 | AZ6: 2024-10-03 | BA6: 2024-10-03 | BB6: 2024-10-12 | BC6: 2024-10-05 | BD6: 2024-10-17 | BE6: 2024-11-14 | BF6: 2024-11-23 | BG6: 2024-11-23 | BH6: 2024-11-02 | BJ6: 2024-11-23 | BK6: 2024-10-27 | BM6: 2024-11-30 | BN6: 2024-12-07 | BO6: 2024-11-30 | BP6: 2024-12-07
A7: 2024-10-17 | B7: 2024-10-20 | C7: 2024-10-17 | D7: 2024-10-12 | E7: 2024-10-12 | F7: 2024-10-27 | G7: 2024-10-24 | H7: 2024-11-01 | I7: 2024-10-27 | J7: 2024-12-07 | K7: 2024-10-26 | L7: 2024-11-01 | N7: 2024-10-12 | O7: 2024-10-10 | P7: 2024-10-17 | Q7: 2024-09-28 | R7: 2024-10-10 | S7: 2024-10-10 | T7: 2024-10-10 | U7: 2024-10-12 | V7: 2024-10-12 | W7: 2024-10-10 | Y7: 2024-10-12 | Z7: 2024-10-16 | AA7: 2024-10-31 | AB7: 2024-11-30 | AC7: 2024-10-08 | AD7: 2024-10-19 | AE7: 2024-10-17 | AF7: 2024-10-27 | AG7: 2024-10-19 | AH7: 2024-11-23 | AJ7: 2024-11-28 | AK7: 2024-11-17 | AL7: 2024-10-29 | AM7: 2024-10-19 | AN7: 2024-10-16 | AO7: 2024-10-29 | AP7: 2024-10-29 | AQ7: 2024-10-17 | AR7: 2024-09-28 | AS7: 2024-10-12 | AT7: 2024-10-12 | AU7: 2024-10-12 | AV7: 2024-10-05 | AW7: 2024-10-29 | AX7: 2024-10-12 | AY7: 2024-10-19 | AZ7: 2024-10-06 | BA7: 2024-10-09 | BB7: 2024-10-17 | BC7: 2024-10-26 | BD7: 2024-09-28 | BE7: 2024-11-28 | BF7: 2024-11-30 | BG7: 2024-12-07 | BH7: 2024-11-21 | BJ7: 2024-11-30 | BK7: 2024-11-12 | BM7: 2024-11-21 | BN7: 2024-12-03 | BO7: 2024-12-07
A8: 2024-10-26 | B8: 2024-11-01 | C8: 2024-10-26 | D8: 2024-10-26 | E8: 2024-09-28 | F8: 2024-11-03 | H8: 2024-10-24 | I8: 2024-11-03 | J8: 2024-11-26 | K8: 2024-11-01 | L8: 2024-11-17 | N8: 2024-10-20 | O8: 2024-10-17 | P8: 2024-10-05 | Q8: 2024-10-12 | R8: 2024-10-19 | S8: 2024-10-12 | T8: 2024-10-17 | U8: 2024-10-19 | V8: 2024-10-26 | W8: 2024-10-06 | Y8: 2024-10-19 | Z8: 2024-11-01 | AA8: 2024-10-19 | AB8: 2024-11-14 | AC8: 2024-10-19 | AD8: 2024-10-31 | AE8: 2024-10-29 | AF8: 2024-11-01 | AG8: 2024-10-26 | AH8: 2024-12-05 | AJ8: 2024-11-01 | AK8: 2024-11-21 | AL8: 2024-11-03 | AM8: 2024-11-01 | AN8: 2024-11-01 | AO8: 2024-11-03 | AP8: 2024-10-24 | AQ8: 2024-10-23 | AR8: 2024-10-29 | AS8: 2024-10-26 | AT8: 2024-10-05 | AU8: 2024-10-29 | AV8: 2024-10-29 | AW8: 2024-11-02 | AX8: 2024-10-19 | AY8: 2024-10-26 | AZ8: 2024-10-19 | BA8: 2024-10-17 | BB8: 2024-10-29 | BC8: 2024-11-02 | BD8: 2024-11-03 | BE8: 2024-12-05 | BF8: 2024-11-14 | BJ8: 2024-12-07 | BK8: 2024-11-19 | BM8: 2024-12-05 | BN8: 2024-11-21
A9: 2024-10-24 | B9: 2024-11-23 | C9: 2024-11-03 | D9: 2024-10-17 | E9: 2024-10-20 | F9: 2024-11-21 | H9: 2024-11-16 | I9: 2024-11-21 | K9: 2024-11-17 | L9: 2024-11-28 | N9: 2024-10-25 | O9: 2024-10-24 | P9: 2024-10-19 | Q9: 2024-10-17 | R9: 2024-10-27 | S9: 2024-10-25 | T9: 2024-11-01 | U9: 2024-10-29 | V9: 2024-11-23 | W9: 2024-11-01 | Y9: 2024-10-29 | Z9: 2024-10-24 | AA9: 2024-11-21 | AB9: 2024-11-21 | AC9: 2024-10-29 | AD9: 2024-11-21 | AE9: 2024-11-23 | AF9: 2024-10-24 | AG9: 2024-11-03 | AH9: 2024-11-26 | AJ9: 2024-12-05 | AK9: 2024-11-28 | AL9: 2024-11-30 | AM9: 2024-10-26 | AN9: 2024-10-29 | AO9: 2024-10-23 | AP9: 2024-11-16 | AQ9: 2024-11-03 | AR9: 2024-11-03 | AS9: 2024-11-03 | AT9: 2024-10-19 | AU9: 2024-11-16 | AV9: 2024-11-02 | AW9: 2024-10-26 | AX9: 2024-10-29 | AY9: 2024-11-01 | AZ9: 2024-10-23 | BA9: 2024-10-27 | BB9: 2024-11-03 | BC9: 2024-11-16 | BD9: 2024-11-30 | BF9: 2024-12-07 | BK9: 2024-11-21
A10: 2024-11-16 | B10: 2024-12-05 | C10: 2024-11-14 | D10: 2024-11-23 | E10: 2024-10-26 | F10: 2024-11-28 | H10: 2024-11-30 | I10: 2024-11-14 | K10: 2024-11-28 | L10: 2024-12-05 | N10: 2024-11-19 | O10: 2024-11-30 | P10: 2024-11-14 | Q10: 2024-10-26 | R10: 2024-11-01 | S10: 2024-11-01 | T10: 2024-10-27 | U10: 2024-11-30 | V10: 2024-11-14 | W10: 2024-11-03 | Y10: 2024-10-23 | Z10: 2024-11-17 | AA10: 2024-11-28 | AB10: 2024-12-07 | AC10: 2024-11-03 | AD10: 2024-11-28 | AE10: 2024-12-04 | AF10: 2024-11-30 | AG10: 2024-11-23 | AH10: 2024-11-21 | AK10: 2024-12-01 | AL10: 2024-11-14 | AM10: 2024-11-16 | AN10: 2024-11-16 | AO10: 2024-11-23 | AP10: 2024-11-23 | AQ10: 2024-11-14 | AR10: 2024-11-01 | AS10: 2024-11-16 | AT10: 2024-10-23 | AU10: 2024-11-23 | AV10: 2024-10-25 | AW10: 2024-11-30 | AX10: 2024-11-03 | AY10: 2024-11-16 | AZ10: 2024-10-29 | BA10: 2024-11-03 | BB10: 2024-10-24 | BC10: 2024-11-28 | BD10: 2024-11-12 | BK10: 2024-12-03
A11: 2024-11-23 | B11: 2024-11-26 | C11: 2024-11-21 | D11: 2024-12-07 | E11: 2024-11-30 | F11: 2024-12-07 | H11: 2024-11-24 | K11: 2024-12-05 | L11: 2024-12-01 | N11: 2024-11-26 | O11: 2024-11-14 | P11: 2024-11-21 | Q11: 2024-10-24 | R11: 2024-10-23 | S11: 2024-10-24 | T11: 2024-11-14 | U11: 2024-11-14 | V11: 2024-11-24 | W11: 2024-10-24 | Y11: 2024-11-16 | Z11: 2024-12-03 | AA11: 2024-12-05 | AC11: 2024-11-30 | AD11: 2024-12-07 | AE11: 2024-11-14 | AF11: 2024-12-07 | AG11: 2024-11-30 | AH11: 2024-11-16 | AK11: 2024-11-03 | AL11: 2024-12-07 | AM11: 2024-11-23 | AN11: 2024-11-23 | AO11: 2024-11-14 | AP11: 2024-11-21 | AQ11: 2024-11-28 | AR11: 2024-11-16 | AS11: 2024-11-30 | AT11: 2024-10-29 | AU11: 2024-12-07 | AV11: 2024-11-30 | AW11: 2024-12-05 | AX11: 2024-10-24 | AY11: 2024-11-23 | AZ11: 2024-11-16 | BA11: 2024-11-23 | BB11: 2024-10-23 | BC11: 2024-11-23 | BD11: 2024-11-26
A12: 2024-11-14 | C12: 2024-12-07 | D12: 2024-11-16 | E12: 2024-11-14 | K12: 2024-12-01 | N12: 2024-12-05 | O12: 2024-11-21 | P12: 2024-11-28 | Q12: 2024-12-03 | R12: 2024-12-04 | S12: 2024-12-03 | T12: 2024-11-21 | U12: 2024-11-21 | V12: 2024-11-28 | W12: 2024-11-16 | Y12: 2024-11-14 | Z12: 2024-11-21 | AA12: 2024-11-23 | AD12: 2024-11-03 | AE12: 2024-11-24 | AG12: 2024-11-26 | AK12: 2024-11-14 | AM12: 2024-11-30 | AN12: 2024-11-30 | AP12: 2024-12-03 | AQ12: 2024-12-05 | AR12: 2024-11-30 | AT12: 2024-11-16 | AV12: 2024-12-07 | AW12: 2024-11-16 | AX12: 2024-12-04 | AY12: 2024-11-30 | AZ12: 2024-11-23 | BA12: 2024-11-30 | BB12: 2024-11-16
D13: 2024-11-24 | E13: 2024-11-28 | O13: 2024-12-07 | P13: 2024-12-05 | Q13: 2024-11-21 | R13: 2024-11-19 | S13: 2024-11-14 | T13: 2024-12-07 | U13: 2024-12-07 | W13: 2024-11-21 | Z13: 2024-11-28 | AM13: 2024-11-28 | AN13: 2024-12-07 | AR13: 2024-11-28 | AT13: 2024-11-12 | AV13: 2024-11-28 | AX13: 2024-11-26 | AY13: 2024-12-07 | AZ13: 2024-11-21 | BA13: 2024-11-12 | BB13: 2024-11-30
E14: 2024-12-05 | O14: 2024-10-29 | Q14: 2024-12-07 | R14: 2024-11-26 | S14: 2024-11-21 | U14: 2024-10-24 | W14: 2024-11-28 | Z14: 2024-12-01 | AN14: 2024-11-21 | AR14: 2024-12-07 | AT14: 2024-11-21 | AZ14: 2024-12-04 | BB14: 2024-11-19
Q15: 2024-12-05 | R15: 2024-12-05 | S15: 2024-11-28 | U15: 2024-11-16 | W15: 2024-12-05 | AT15: 2024-12-03

Sheet AHL_DAT
A3: 2024-09-21 | B3: 2024-09-22 | C3: 2024-09-24 | D3: 2024-09-26 | E3: 2024-09-29 | F3: 2024-10-05 | G3: 2024-09-28 | H3: 2024-10-03 | I3: 2024-10-08 | J3: 2024-10-09 | K3: 2024-10-10 | L3: 2024-10-12 | M3: 2024-10-16 | N3: 2024-10-17 | O3: 2024-10-06 | P3: 2024-10-19 | Q3: 2024-10-20 | R3: 2024-10-23 | S3: 2024-10-25 | T3: 2024-10-26 | U3: 2024-10-27 | V3: 2024-10-29 | W3: 2024-11-01 | X3: 2024-11-02 | Y3: 2024-11-03 | Z3: 2024-10-24 | AA3: 2024-10-31 | AB3: 2024-11-16 | AC3: 2024-11-17 | AD3: 2024-11-23 | AE3: 2024-11-30 | AF3: 2024-12-03 | AG3: 2024-12-04 | AH3: 2024-11-12 | AI3: 2024-11-14 | AJ3: 2024-11-19 | AK3: 2024-11-21 | AL3: 2024-11-26 | AM3: 2024-11-28 | AN3: 2024-12-05 | AO3: 2024-12-07 | AP3: 2024-12-01 | AQ3: 2024-11-24
A4: BenvegnuAn | B4: MetzingerFi | C4: KainbergerJu | D4: BajtMi | E4: MeixnerSe | F4: LazzeriAl | G4: MoschenAn | H4: RuetzMa | I4: RuetzMa | J4: HolzerTo | K4: BulovecMi | L4: BajtMi | M4: OrelSt | N4: HolzerTo | O4: OrelSt | P4: RuetzMa | Q4: BajtMi | R4: MeixnerSe | S4: BenvegnuAn | T4: BrockAd | U4: LazzeriAl | V4: HlavatyAl | W4: OrelSt | X4: BrockAd | Y4: PinieOm | Z4: LesniakBo | AA4: GiacomozziFe | AB4: SpiegelSe | AC4: MetzingerFi | AD4: BrockAd | AE4: HlavatyAl | AF4: EggerTh | AG4: LazzeriAl | AH4: HolzerTo | AI4: KainbergerJu | AJ4: BenvegnuAn | AK4: HlavatyAl | AL4: BenvegnuAn | AM4: BrockAd | AN4: HlavatyAl | AO4: MoschenAn | AP4: MetzingerFi | AQ4: LesniakBo
A5: SoraperraSi | B5: StefenelliFe | C5: VoicanCh | D5: BulovecMi | E5: VoicanCh | F5: MoschenAn | G5: SoraperraSi | H5: SpiegelSe | I5: StefenelliFe | J5: SpiegelSe | K5: MeixnerSe | L5: WenuschHe | M5: StefenelliFe | N5: KainbergerJu | O5: VirtaTu | P5: WidmannFl | Q5: BenvegnuAn | R5: RuetzMa | S5: WenuschHe | T5: SternatCh | U5: LebenJa | V5: KainbergerJu | W5: WidmannFl | X5: WenuschHe | Y5: VirtaTu | Z5: SnojTa | AA5: PirasAn | AB5: VoicanCh | AC5: StefenelliFe | AD5: SnojTa | AE5: WidmannFl | AF5: StefenelliFe | AG5: RivisFe | AH5: RuetzMa | AI5: LegaSi | AJ5: LazzeriAl | AK5: WenuschHe | AL5: LazzeriAl | AM5: MeixnerSe | AN5: MeixnerSe | AO5: SoraperraSi | AP5: StefenelliFe | AQ5: RivisFe
A6: FecchioFe | B6: AbeltinoSi | C6: LegatKo | D6: ArlicMa | E6: LegatKo | F6: GrisentiLu | G6: IlmerNo | H6: SeewaldJe | I6: AbeltinoSi | J6: JägerRi | K6: MiklicGr | L6: PreiserJu | M6: ScalzeriAl | N6: DivisDo | O6: StrimitzerDa | P6: RinkerDa | Q6: CristeliMa | R6: MattheyPh | S6: BrondiPa | T6: RivisAn | U6: FormaioniTh | V6: EislCh | W6: TelesklavFa | X6: LegatKo | Y6: DivisDo | Z6: JavornikBl | AA6: PaceJa | AB6: PreiserJu | AC6: CristeliMa | AD6: ArlicMa | AE6: LegatKo | AF6: BrondiPa | AG6: RinkerDa | AH6: JägerRi | AI6: CristeliMa | AJ6: DivisDo | AK6: EislCh | AL6: RinkerDa | AM6: LegatKo | AN6: PreiserJu | AO6: CusinFe | AP6: CristeliMa | AQ6: ArlicMa
A7: GrisentiLu | B7: ScalzeriAl | C7: PreiserJu | D7: MarkizetiGr | E7: PreiserJu | F7: RivisAn | G7: RivisAn | H7: ZacherlPa | I7: RinkerDa | J7: SeewaldJe | K7: TelesklavFa | L7: RinkerDa | M7: WuchererGe | N7: FecchioFe | O7: WuchererGe | P7: TelesklavFa | Q7: MarkizetiGr | R7: StrimitzerDa | S7: LegatKo | T7: WendnerMa | U7: JeramFi | V7: PreiserJu | W7: WuchererGe | X7: PreiserJu | Y7: JägerRi | Z7: MiklicGr | AA7: ScalzeriAl | AB7: WeissAl | AC7: KnezRo | AD7: TelesklavFa | AE7: WuchererGe | AF7: GrisentiLu | AG7: StrimitzerDa | AH7: SeewaldJe | AI7: ZacherlPa | AJ7: JägerRi | AK7: WuchererGe | AL7: SeewaldJe | AM7: ZacherlPa | AN7: ZacherlPa | AO7: FormaioniTh | AP7: KnezRo | AQ7: RivisAn
A8: LazzeriAl | D8: HuberRe | F8: LebenJa | G8: LesniakBo | H8: HolzerTo | K8: KainbergerJu | L8: MetzingerFi | N8: BrockAd | P8: PiragicTr | R8: HuberRe | T8: SnojTa | U8: EggerTh | V8: Huber rRe | W8: StefenelliFe | Y8: MeixnerSe | Z8: SoraperraSi | AB8: BrockAd | AD8: EggerTh | AE8: GiacomozziFe | AF8: RuetzMa | AI8: MeixnerSe | AK8: GiacomozziFe | AL8: BajtMi | AM8: LebenJa | AN8: BenvegnuAn | AO8: OrelSt
A9: SpiegelSe | D9: MeixnerSe | F9: WidmannFl | G9: SnojTa | H9: HuberRe | K9: VoicanCh | L9: VoicanCh | N9: MeixnerSe | P9: PirasAn | R9: LazzeriAl | T9: WidmannFl | U9: HolzerTo | V9: MoschenAn | W9: VirtaTu | Y9: OrelSt | Z9: VirtaTu | AB9: OrelSt | AD9: PinieOm | AE9: SoraperraSi | AF9: SpiegelSe | AI9: MoschenAn | AK9: RuetzMa | AL9: PinieOm | AM9: OrelSt | AN9: VirtaTu | AO9: VoicanCh
A10: BrondiPa | D10: StrimitzerDa | F10: LegatKo | G10: JeramFi | H10: DivisDo | K10: LegatKo | L10: KnezRo | N10: RinkerDa | P10: CristeliMa | R10: DivisDo | T10: ArlicMa | U10: CusinFe | V10: IlmerNo | W10: BrondiPa | Y10: JeramFi | Z10: CusinFe | AB10: WendnerMa | AD10: PaceJa | AE10: AbeltinoSi | AF10: EislCh | AI10: IlmerNo | AK10: BrondiPa | AL10: JavornikBl | AM10: MarkizetiGr | AN10: FecchioFe | AO10: LegatKo
A11: FormaioniTh | D11: TelesklavFa | F11: MiklicGr | G11: RinkerDa | H11: StrimitzerDa | K11: MoidlMa | L11: WendnerMa | N11: SeewaldJe | P11: FecchioFe | R11: IlmerNo | T11: TelesklavFa | U11: JägerRi | V11: StrimitzerDa | W11: PaceJa | Y11: WendnerMa | Z11: PaceJa | AB11: WuchererGe | AD11: ScalzeriAl | AE11: CusinFe | AF11: JägerRi | AI11: MoidlMa | AK11: StrimitzerDa | AL11: PaceJa | AM11: TelesklavFa | AN11: PaceJa | AO11: WeissAl
A12: OrelSt | D12: PirasAn | F12: BajtMi | G12: MetzingerFi | H12: PinieOm | K12: PirasAn | L12: BenvegnuAn | N12: RivisFe | P12: HuberRe | T12: MetzingerFi | V12: OrelSt | W12: BajtMi | Y12: BulovecMi | Z12: MoidlDa | AB12: MoschenAn | AD12: VoicanCh | AE12: MoschenAn | AI12: BulovecMi | AK12: BulovecMi | AM12: EggerTh | AN12: BajtMi | AO12: BulovecMi
A13: WidmannFl | D13: RivisFe | F13: LesniakBo | G13: WidmannFl | H13: PirasAn | K13: SoraperraSi | L13: MoschenAn | N13: SoraperraSi | P13: MoschenAn | T13: PinieOm | V13: VoicanCh | W13: MoidlDa | Y13: KainbergerJu | Z13: SpiegelSe | AB13: RuetzMa | AD13: WidmannFl | AE13: PinieOm | AI13: SnojTa | AK13: LebenJa | AM13: StefenelliFe | AN13: MetzingerFi | AO13: WidmannFl
A14: WendnerMa | D14: BrondiPa | F14: ArlicMa | G14: KnezRo | H14: CusinFe | K14: BrondiPa | L14: IlmerNo | N14: FormaioniTh | P14: AbeltinoSi | T14: GrisentiLu | V14: LegatKo | W14: MiklicGr | Y14: SeewaldJe | Z14: DivisDo | AB14: DivisDo | AD14: WeissAl | AE14: PreiserJu | AI14: JeramFi | AK14: GrisentiLu | AM14: BrondiPa | AN14: KnezRo | AO14: ArlicMa
A15: WuchererGe | D15: GrisentiLu | F15: MarkizetiGr | G15: TelesklavFa | H15: FormaioniTh | K15: CusinFe | L15: RivisAn | N15: GrisentiLu | P15: StrimitzerDa | T15: KnezRo | V15: WuchererGe | W15: MoidlMa | Y15: ZacherlPa | Z15: RinkerDa | AB15: IlmerNo | AD15: WuchererGe | AE15: WendnerMa | AI15: MarkizetiGr | AK15: JeramFi | AM15: ScalzeriAl | AN15: MarkizetiGr | AO15: WuchererGe
A16: RuetzMa | D16: BenvegnuAn | F16: BrockAd | G16: BrockAd | H16: SoraperraSi | K16: PinieOm | L16: LebenJa | N16: BulovecMi | P16: LazzeriAl | T16: BulovecMi | V16: RuetzMa | W16: LesniakBo | Y16: HolzerTo | Z16: MoschenAn | AB16: LesniakBo | AD16: BajtMi | AE16: LesniakBo | AI16: Huber rRe | AK16: MoschenAn | AM16: MetzingerFi | AN16: EggerTh | AO16: KainbergerJu
A17: VirtaTu | D17: LazzeriAl | F17: RuetzMa | G17: HolzerTo | H17: VirtaTu | K17: VirtaTu | L17: LesniakBo | N17: SnojTa | P17: PinieOm | T17: HlavatyAl | V17: SpiegelSe | W17: MetzingerFi | Y17: Huber rRe | Z17: StefenelliFe | AB17: SnojTa | AD17: RivisFe | AE17: OrelSt | AI17: RivisFe | AK17: SpiegelSe | AM17: PirasAn | AN17: LazzeriAl | AO17: LehnerMo
A18: FleischmannLu | D18: CusinFe | F18: WeissAl | G18: SeewaldJe | H18: BrondiPa | K18: FecchioFe | L18: ArlicMa | N18: ArlicMa | P18: IlmerNo | T18: MarkizetiGr | V18: DivisDo | W18: JavornikBl | Y18: MattheyPh | Z18: BrondiPa | AB18: ArlicMa | AD18: JavornikBl | AE18: MarkizetiGr | AI18: FecchioFe | AK18: FecchioFe | AM18: FecchioFe | AN18: GrisentiLu | AO18: EislCh
A19: IlmerNo | D19: FormaioniTh | F19: WendnerMa | G19: WendnerMa | H19: ScalzeriAl | K19: FormaioniTh | L19: MarkizetiGr | N19: JeramFi | P19: ScalzeriAl | T19: PreiserJu | V19: RinkerDa | W19: KnezRo | Y19: RinkerDa | Z19: GrisentiLu | AB19: StrimitzerDa | AD19: RivisAn | AE19: TelesklavFa | AI19: RivisAn | AK19: JägerRi | AM19: KnezRo | AN19: ScalzeriAl | AO19: FleischmannLu
A20: MoschenAn | D20: HolzerTo | F20: BenvegnuAn | G20: StefenelliFe | H20: BulovecMi | K20: LazzeriAl | L20: GiacomozziFe | V20: RivisFe | W20: EggerTh | Y20: LebenJa | AB20: VirtaTu | AD20: Huber rRe | AE20: HolzerTo | AI20: GiacomozziFe | AK20: StefenelliFe | AM20: LegaSi | AO20: GiacomozziFe
A21: SnojTa | D21: PinieOm | F21: GiacomozziFe | G21: VirtaTu | H21: RivisFe | K21: SnojTa | L21: RivisFe | V21: SoraperraSi | W21: LazzeriAl | Y21: PirasAn | AB21: WidmannFl | AD21: LehnerMo | AE21: KainbergerJu | AI21: SoraperraSi | AK21: VirtaTu | AM21: VirtaTu | AO21: MoidlDa
A22: MarkizetiGr | D22: DivisDo | F22: AbeltinoSi | G22: GrisentiLu | H22: ArlicMa | K22: JeramFi | L22: AbeltinoSi | V22: AbeltinoSi | W22: CusinFe | Y22: AbeltinoSi | AB22: PaceJa | AD22: EislCh | AE22: DivisDo | AI22: BrondiPa | AK22: CristeliMa | AM22: CristeliMa | AO22: MattheyPh
A23: RivisAn | D23: FecchioFe | F23: FecchioFe | G23: StrimitzerDa | H23: IlmerNo | K23: WuchererGe | L23: DivisDo | V23: CristeliMa | W23: FormaioniTh | Y23: CristeliMa | AB23: TelesklavFa | AD23: StrimitzerDa | AE23: SeewaldJe | AI23: FormaioniTh | AK23: PaceJa | AM23: RivisAn | AO23: MoidlMa
G24: LebenJa | L24: LegaSi | AD24: HolzerTo | AE24: LehnerMo | AK24: PirasAn | AO24: LebenJa
G25: OrelSt | L25: RuetzMa | AD25: SpiegelSe | AE25: MoidlDa | AK25: SoraperraSi | AO25: PirasAn
G26: MarkizetiGr | L26: BrondiPa | AD26: MattheyPh | AE26: MattheyPh | AK26: FormaioniTh | AO26: GrisentiLu
G27: PuffWo | L27: GrisentiLu | AD27: MoidlMa | AE27: MoidlMa | AK27: ScalzeriAl | AO27: JavornikBl

Sheet AHL_DAT_STRING
A3: 2024-09-21 | B3: 2024-09-22 | C3: 2024-09-24 | D3: 2024-09-26 | E3: 2024-09-29 | F3: 2024-10-05 | G3: 2024-09-28 | H3: 2024-10-03 | I3: 2024-10-08 | J3: 2024-10-09 | K3: 2024-10-10 | L3: 2024-10-12 | M3: 2024-10-16 | N3: 2024-10-17 | O3: 2024-10-06 | P3: 2024-10-19 | Q3: 2024-10-20 | R3: 2024-10-23 | S3: 2024-10-25 | T3: 2024-10-26 | U3: 2024-10-27 | V3: 2024-10-29 | W3: 2024-11-01 | X3: 2024-11-02 | Y3: 2024-11-03 | Z3: 2024-10-24 | AA3: 2024-10-31 | AB3: 2024-11-16 | AC3: 2024-11-17 | AD3: 2024-11-23 | AE3: 2024-11-30 | AF3: 2024-12-03 | AG3: 2024-12-04 | AH3: 2024-11-12 | AI3: 2024-11-14 | AJ3: 2024-11-19 | AK3: 2024-11-21 | AL3: 2024-11-26 | AM3: 2024-11-28 | AN3: 2024-12-05 | AO3: 2024-12-07 | AP3: 2024-12-01 | AQ3: 2024-11-24
A4: Eishalle Sterzing;BenvegnuAn;SoraperraSi;FecchioFe;GrisentiLu | B4: Eishalle Cortina;MetzingerFi;StefenelliFe;AbeltinoSi;ScalzeriAl | C4: Eisarena Salzburg;KainbergerJu;VoicanCh;LegatKo;PreiserJu | D4: Eishalle Jesenice;BajtMi;BulovecMi;ArlicMa;MarkizetiGr | E4: Eishalle Celje;MeixnerSe;VoicanCh;LegatKo;PreiserJu | F4: Eishalle Sterzing;LazzeriAl;MoschenAn;GrisentiLu;RivisAn | G4: Eishalle Ritten;MoschenAn;SoraperraSi;IlmerNo;RivisAn | H4: Sportpark Kitzbühel;RuetzMa;SpiegelSe;SeewaldJe;ZacherlPa | I4: Eishalle Gröden;RuetzMa;StefenelliFe;AbeltinoSi;RinkerDa | J4: Eishalle Dornbirn;HolzerTo;SpiegelSe;JägerRi;SeewaldJe | K4: Eishalle Celje;BulovecMi;MeixnerSe;MiklicGr;TelesklavFa | L4: KELIT Arena Zell am See;BajtMi;WenuschHe;PreiserJu;RinkerDa | M4: Eishalle Gröden;OrelSt;StefenelliFe;ScalzeriAl;WuchererGe | N4: Sportpark Kitzbühel;HolzerTo;KainbergerJu;DivisDo;FecchioFe | O4: Würtharena Neumarkt;OrelSt;VirtaTu;StrimitzerDa;WuchererGe | P4: Eisarena Salzburg;RuetzMa;WidmannFl;RinkerDa;TelesklavFa | Q4: Eishalle Cortina;BajtMi;BenvegnuAn;CristeliMa;MarkizetiGr | R4: Eisarena Salzburg;MeixnerSe;RuetzMa;MattheyPh;StrimitzerDa | S4: Eisarena Salzburg;BenvegnuAn;WenuschHe;BrondiPa;LegatKo | T4: Eishalle Sterzing;BrockAd;SternatCh;RivisAn;WendnerMa | U4: Eishalle Celje;LazzeriAl;LebenJa;FormaioniTh;JeramFi | V4: Eishalle Jesenice;HlavatyAl;KainbergerJu;EislCh;PreiserJu | W4: Eishalle Ritten;OrelSt;WidmannFl;TelesklavFa;WuchererGe | X4: Eishalle Sissek Zibel;BrockAd;WenuschHe;LegatKo;PreiserJu | Y4: Eishalle Dornbirn;PinieOm;VirtaTu;DivisDo;JägerRi | Z4: Eishalle Jesenice;LesniakBo;SnojTa;JavornikBl;MiklicGr | AA4: Eishalle Sterzing;GiacomozziFe;PirasAn;PaceJa;ScalzeriAl | AB4: Sportpark Kitzbühel;SpiegelSe;VoicanCh;PreiserJu;WeissAl | AC4: Eishalle Ritten;MetzingerFi;StefenelliFe;CristeliMa;KnezRo | AD4: Eishalle Jesenice;BrockAd;SnojTa;ArlicMa;TelesklavFa | AE4: Eishalle Celje;HlavatyAl;WidmannFl;LegatKo;WuchererGe | AF4: Eishalle Gröden;EggerTh;StefenelliFe;BrondiPa;GrisentiLu | AG4: Eishalle Dornbirn;LazzeriAl;RivisFe;RinkerDa;StrimitzerDa | AH4: Eisarena Salzburg;HolzerTo;RuetzMa;JägerRi;SeewaldJe | AI4: Sportpark Kitzbühel;KainbergerJu;LegaSi;CristeliMa;ZacherlPa | AJ4: Eishalle Dornbirn;BenvegnuAn;LazzeriAl;DivisDo;JägerRi | AK4: KELIT Arena Zell am See;HlavatyAl;WenuschHe;EislCh;WuchererGe | AL4: Kitzbühel Sportpark;BenvegnuAn;LazzeriAl;RinkerDa;SeewaldJe | AM4: Eishalle Jesenice;BrockAd;MeixnerSe;LegatKo;ZacherlPa | AN4: Sportpark Kitzbühel;HlavatyAl;MeixnerSe;PreiserJu;ZacherlPa | AO4: Eishalle Sterzing;MoschenAn;SoraperraSi;CusinFe;FormaioniTh | AP4: Eishalle Ritten;MetzingerFi;StefenelliFe;CristeliMa;KnezRo | AQ4: Eishalle Celje;LesniakBo;RivisFe;ArlicMa;RivisAn
A5: Sportpark Kitzbühel;LazzeriAl;SpiegelSe;BrondiPa;FormaioniTh | D5: Eisarena Salzburg;HuberRe;MeixnerSe;StrimitzerDa;TelesklavFa | F5: Eishalle Celje;LebenJa;WidmannFl;LegatKo;MiklicGr | G5: Eishalle Jesenice;LesniakBo;SnojTa;JeramFi;RinkerDa | H5: KELIT Arena Zell am See;HolzerTo;HuberRe;DivisDo;StrimitzerDa | K5: KELIT Arena Zell am See;KainbergerJu;VoicanCh;LegatKo;MoidlMa | L5: Eishalle Jesenice;MetzingerFi;VoicanCh;KnezRo;WendnerMa | N5: KELIT Arena Zell am See;BrockAd;MeixnerSe;RinkerDa;SeewaldJe | P5: Eishalle Meran;PiragicTr;PirasAn;CristeliMa;FecchioFe | R5: Eishalle Dornbirn;HuberRe;LazzeriAl;DivisDo;IlmerNo | T5: Eishalle Sissek Zibel;SnojTa;WidmannFl;ArlicMa;TelesklavFa | U5: Eishalle Ritten;EggerTh;HolzerTo;CusinFe;JägerRi | V5: Sportpark Kitzbühel;Huber rRe;MoschenAn;IlmerNo;StrimitzerDa | W5: Würtharena Neumarkt;StefenelliFe;VirtaTu;BrondiPa;PaceJa | Y5: Eishalle Celje;MeixnerSe;OrelSt;JeramFi;WendnerMa | Z5: Eishalle Ritten;SoraperraSi;VirtaTu;CusinFe;PaceJa | AB5: KELIT Arena Zell am See;BrockAd;OrelSt;WendnerMa;WuchererGe | AD5: Eishalle Ritten;EggerTh;PinieOm;PaceJa;ScalzeriAl | AE5: Würtharena Neumarkt;GiacomozziFe;SoraperraSi;AbeltinoSi;CusinFe | AF5: Eishalle Ritten;RuetzMa;SpiegelSe;EislCh;JägerRi | AI5: Eisarena Salzburg;MeixnerSe;MoschenAn;IlmerNo;MoidlMa | AK5: Eishalle Sterzing;GiacomozziFe;RuetzMa;BrondiPa;StrimitzerDa | AL5: Würtharena Neumarkt;BajtMi;PinieOm;JavornikBl;PaceJa | AM5: Eishalle Sissek Zibel;LebenJa;OrelSt;MarkizetiGr;TelesklavFa | AN5: Würtharena Neumarkt;BenvegnuAn;VirtaTu;FecchioFe;PaceJa | AO5: Eishalle Jesenice;OrelSt;VoicanCh;LegatKo;WeissAl
A6: KELIT Arena Zell am See;OrelSt;WidmannFl;WendnerMa;WuchererGe | D6: Würtharena Neumarkt;PirasAn;RivisFe;BrondiPa;GrisentiLu | F6: Eishalle Sissek Zibel;BajtMi;LesniakBo;ArlicMa;MarkizetiGr | G6: Eishalle Sissek Zibel;MetzingerFi;WidmannFl;KnezRo;TelesklavFa | H6: Eishalle Ritten;PinieOm;PirasAn;CusinFe;FormaioniTh | K6: Eishalle Sterzing;PirasAn;SoraperraSi;BrondiPa;CusinFe | L6: Eishalle Ritten;BenvegnuAn;MoschenAn;IlmerNo;RivisAn | N6: Eishalle Meran;RivisFe;SoraperraSi;FormaioniTh;GrisentiLu | P6: Eishalle Dornbirn;HuberRe;MoschenAn;AbeltinoSi;StrimitzerDa | T6: Sportpark Kitzbühel;MetzingerFi;PinieOm;GrisentiLu;KnezRo | V6: Eisarena Salzburg;OrelSt;VoicanCh;LegatKo;WuchererGe | W6: KELIT Arena Zell am See;BajtMi;MoidlDa;MiklicGr;MoidlMa | Y6: Eishalle Jesenice;BulovecMi;KainbergerJu;SeewaldJe;ZacherlPa | Z6: Eishalle Sterzing;MoidlDa;SpiegelSe;DivisDo;RinkerDa | AB6: Eishalle Dornbirn;MoschenAn;RuetzMa;DivisDo;IlmerNo | AD6: Eishalle Celje;VoicanCh;WidmannFl;WeissAl;WuchererGe | AE6: Eisarena Salzburg;MoschenAn;PinieOm;PreiserJu;WendnerMa | AI6: Eishalle Sissek Zibel;BulovecMi;SnojTa;JeramFi;MarkizetiGr | AK6: Würtharena Neumarkt;BulovecMi;LebenJa;GrisentiLu;JeramFi | AM6: Eishalle Gröden;EggerTh;StefenelliFe;BrondiPa;ScalzeriAl | AN6: Eishalle Celje;BajtMi;MetzingerFi;KnezRo;MarkizetiGr | AO6: Eishalle Sissek Zibel;BulovecMi;WidmannFl;ArlicMa;WuchererGe
A7: Eishalle Dornbirn;RuetzMa;VirtaTu;FleischmannLu;IlmerNo | D7: Eishalle Ritten;BenvegnuAn;LazzeriAl;CusinFe;FormaioniTh | F7: Eisarena Salzburg;BrockAd;RuetzMa;WeissAl;WendnerMa | G7: Sportpark Kitzbühel;BrockAd;HolzerTo;SeewaldJe;WendnerMa | H7: Eishalle Gröden;SoraperraSi;VirtaTu;BrondiPa;ScalzeriAl | K7: Eishalle Cortina;PinieOm;VirtaTu;FecchioFe;FormaioniTh | L7: Eishalle Gröden;LebenJa;LesniakBo;ArlicMa;MarkizetiGr | N7: Eishalle Celje;BulovecMi;SnojTa;ArlicMa;JeramFi | P7: Eishalle Sterzing;LazzeriAl;PinieOm;IlmerNo;ScalzeriAl | T7: KELIT Arena Zell am See;BulovecMi;HlavatyAl;MarkizetiGr;PreiserJu | V7: Eishalle Dornbirn;RuetzMa;SpiegelSe;DivisDo;RinkerDa | W7: Eishalle Sissek Zibel;LesniakBo;MetzingerFi;JavornikBl;KnezRo | Y7: Eisarena Salzburg;HolzerTo;Huber rRe;MattheyPh;RinkerDa | Z7: Würtharena Neumarkt;MoschenAn;StefenelliFe;BrondiPa;GrisentiLu | AB7: Eishalle Meran;LesniakBo;SnojTa;ArlicMa;StrimitzerDa | AD7: Eishalle Sissek Zibel;BajtMi;RivisFe;JavornikBl;RivisAn | AE7: Eishalle Meran;LesniakBo;OrelSt;MarkizetiGr;TelesklavFa | AI7: Eishalle Sterzing;Huber rRe;RivisFe;FecchioFe;RivisAn | AK7: Eishalle Ritten;MoschenAn;SpiegelSe;FecchioFe;JägerRi | AM7: Eishalle Meran;MetzingerFi;PirasAn;FecchioFe;KnezRo | AN7: Eishalle Ritten;EggerTh;LazzeriAl;GrisentiLu;ScalzeriAl | AO7: Eishalle Meran;KainbergerJu;LehnerMo;EislCh;FleischmannLu
A8: Eishalle Meran;MoschenAn;SnojTa;MarkizetiGr;RivisAn | D8: Eishalle Gröden;HolzerTo;PinieOm;DivisDo;FecchioFe | F8: Eishalle Ritten;BenvegnuAn;GiacomozziFe;AbeltinoSi;FecchioFe | G8: Eishalle Meran;StefenelliFe;VirtaTu;GrisentiLu;StrimitzerDa | H8: Eishalle Cortina;BulovecMi;RivisFe;ArlicMa;IlmerNo | K8: Eishalle Meran;LazzeriAl;SnojTa;JeramFi;WuchererGe | L8: Eishalle Dornbirn;GiacomozziFe;RivisFe;AbeltinoSi;DivisDo | V8: Würtharena Neumarkt;RivisFe;SoraperraSi;AbeltinoSi;CristeliMa | W8: Eishalle Gröden;EggerTh;LazzeriAl;CusinFe;FormaioniTh | Y8: Eishalle Cortina;LebenJa;PirasAn;AbeltinoSi;CristeliMa | AB8: Eishalle Jesenice;VirtaTu;WidmannFl;PaceJa;TelesklavFa | AD8: Eisarena Salzburg;Huber rRe;LehnerMo;EislCh;StrimitzerDa | AE8: Eishalle Dornbirn;HolzerTo;KainbergerJu;DivisDo;SeewaldJe | AI8: Eishalle Cortina;GiacomozziFe;SoraperraSi;BrondiPa;FormaioniTh | AK8: Eishalle Meran;StefenelliFe;VirtaTu;CristeliMa;PaceJa | AM8: Eishalle Cortina;LegaSi;VirtaTu;CristeliMa;RivisAn | AO8: Eishalle Gröden;GiacomozziFe;MoidlDa;MattheyPh;MoidlMa
G9: Eishalle Celje;LebenJa;OrelSt;MarkizetiGr;PuffWo | L9: Würtharena Neumarkt;LegaSi;RuetzMa;BrondiPa;GrisentiLu | AD9: Eishalle Dornbirn;HolzerTo;SpiegelSe;MattheyPh;MoidlMa | AE9: KELIT Arena Zell am See;LehnerMo;MoidlDa;MattheyPh;MoidlMa | AK9: Eishalle Gröden;PirasAn;SoraperraSi;FormaioniTh;ScalzeriAl | AO9: Eishalle Cortina;LebenJa;PirasAn;GrisentiLu;JavornikBl

Sheet Stevilo tekem po drzavah
A1: vse delegirane tekme | C1: =COUNTIF(AHL_DAT_STRING!4:18,"<>") -> 136
A2: vse delegacije | C2: =C1*4 -> 544
A3: vse delegacije | B3: =COUNTIF(AHL!4:50, "<>") -> 544 | E3: Procenti delegacij
A4: slo | B4: =SUMIF(AHL!2:2,"sl",AHL!1:1) -> 79 | E4: - | F4: No. Teams | G4: % per team | H4: Actual % | I4: Expected assignments | J4: Actual assignments | K4: Difference | L4: Difference in games
A5: hr | B5: =SUMIF(AHL!2:2,"hr",AHL!1:1) -> 18 | E5: slo | F5: 2 | G5: =F5/13 -> 0.15384615 | H5: =B4/B3 -> 0.14522059 | I5: =C2*G5 -> 83.692308 | J5: =B4 -> 79 | K5: =J5-I5 -> -4.6923077 | L5: =K5/4 -> -1.1730769
A6: it | B6: =SUMIF(AHL!2:2,"it",AHL!1:1) -> 216 | E6: hr | F6: 1 | G6: =F6/13 -> 0.076923077 | H6: =B5/B3 -> 0.033088235 | I6: =C2*G6 -> 41.846154 | J6: =B5 -> 18 | K6: =J6-I6 -> -23.846154 | L6: =K6/4 -> -5.9615385
A7: au | B7: =SUMIF(AHL!2:2,"au",AHL!1:1) -> 231 | E7: Slo | F7: 3 | G7: =F7/13 -> 0.23076923 | H7: =(B5+B4)/B3 -> 0.17830882 | I7: =C2*G7 -> 125.53846 | J7: =B4+B5 -> 97 | K7: =J7-I7 -> -28.538462 | L7: =K7/4 -> -7.1346154
E8: It | F8: 6 | G8: =F8/13 -> 0.46153846 | H8: =B6/B3 -> 0.39705882 | I8: =C2*G8 -> 251.07692 | J8: =B6 -> 216 | K8: =J8-I8 -> -35.076923 | L8: =K8/4 -> -8.7692308
A9: kotrola | B9: =SUM(B4:B7) -> 544 | E9: Aut | F9: 4 | G9: =F9/13 -> 0.30769231 | H9: =B7/B3 -> 0.42463235 | I9: =C2*G9 -> 167.38462 | J9: =B7 -> 231 | K9: =J9-I9 -> 63.615385 | L9: =K9/4 -> 15.903846
H11: kontrola | I11: =SUM(I7:I9) -> 544 | J11: =SUM(J7:J9) -> 544 | K11: =SUM(K7:K9) -> 0 | L11: =SUM(L7:L9) -> 0
E16: till 7.12.2024 | F16: No. Teams | G16: % games per team | H16: Actual % | I16: Expected assignments | J16: Actual assignments | K16: Difference | L16: Difference in games
E17: Slo | F17: 3 | G17: =F17/13 -> 0.23076923 | H17: =(B5+B4)/B3 -> 0.17830882 | I17: =B3*G17 -> 125.53846 | J17: =B5+B4 -> 97 | K17: =J17-I17 -> -28.538462 | L17: =K17/4 -> -7.1346154
E18: It | F18: 6 | G18: =F18/13 -> 0.46153846 | H18: =B6/B3 -> 0.39705882 | I18: =B3*G18 -> 251.07692 | J18: =B6 -> 216 | K18: =J18-I18 -> -35.076923 | L18: =K18/4 -> -8.7692308
E19: Aut | F19: 4 | G19: =F19/13 -> 0.30769231 | H19: =B7/B3 -> 0.42463235 | I19: =B3*G19 -> 167.38462 | J19: =B7 -> 231 | K19: =J19-I19 -> 63.615385 | L19: =K19/4 -> 15.903846
P24: Data untill 7.12.2024
Q25: Expected assignmnets per country based on team % | R25: Actual assigned games per country | S25: Difference
P26: It | Q26: 247 | R26: 212 | S26: =R26-Q26 -> -35
P27: Slo | Q27: 124 | R27: 92 | S27: =R27-Q27 -> -32
P28: Aut | Q28: 165 | R28: 232 | S28: =R28-Q28 -> 67
